,Math,Literature,English,Physics,Chemistry,Biology,Geography,History,Civic Education
1,8,8,3.2,6.75,7.5,5,8.75,4.25,7.25
2,5.8,8.75,3.4,5.75,8,7.5,8,3.25,9.75
3,2.8,7.25,5,7,5,4.75,4.5,3.5,9.25
4,8.4,5.5,6,6.75,8.75,6.25,8.25,6.25,8.25
5,7.8,7,9.6,6.75,4.75,4,7.5,3.25,6.75
6,3.4,5,9.4,5.25,6.5,6.75,6.75,3.75,4.75
7,7.8,7,7.2,8,8,4.75,6.75,4.25,8.25
8,8,7.5,3.6,8,7.5,3.5,5.5,9.5,8.75
9,9.2,5.25,2.4,7.5,7.25,4,6.75,5.25,7.5
10,6.2,9,6.8,6.75,2.75,5,6.75,6.25,7.5
11,5.2,6.75,3.4,5.25,7,4.5,9.25,4.25,7.25
12,5.4,6.25,7.6,7.25,6.5,5.25,4.5,6.75,9.25
13,5.4,8.25,4.6,6.5,8.25,8.25,6,5.5,9.5
14,8.8,6,6,7.75,7.75,6.25,6,7.25,7.25
15,8,7.25,4.6,6.25,6.25,5,6.5,5.25,9.5
16,6.8,4.5,5.8,8.25,5.75,6.5,7,6,5.5
17,8.4,6.75,7.4,4.25,8,5.5,7.25,6.75,8.75
18,6.2,6.5,3.6,2.5,6,5.25,5,5.25,8.75
19,6.4,7.75,4.2,7.75,6.5,6.25,3.75,8,7.25
20,7.6,7,4,7.75,3.5,4.75,7,5,9.75
21,7.8,6,4.4,3,5.75,6.25,5.25,5.75,9.25
22,6.2,8.5,5.4,6,8,6,6.5,5.25,8.5
23,5,4.5,4.6,5.5,3.75,3,4.25,8,8
24,6,8.25,4.2,7.75,4.25,4.5,7.75,4.5,7
25,8.4,7.5,7,7.25,3.75,5,7,2,9.5
26,5,6.75,4,6.25,6.75,5.75,7.5,6,7
27,5,7.5,5.2,5.75,6,4.75,6.25,2.5,8.5
28,6.6,7,7.2,7.75,7.75,6.25,8.25,5.5,9.25
29,8.6,5.5,5.8,7.5,7,6.75,6.75,5,7.75
30,8.4,6.25,4,4.5,5.75,7.25,4.75,5.25,9.25
31,7.2,3,6.6,5,8,5.75,6,3.75,9.5
32,5.6,7.25,6,5.75,7.5,5,6,7,9.5
33,6.8,7,5.4,4.75,8.25,4.75,5.75,6.25,8
34,5.6,7.5,3.4,6.25,5.75,4,6.75,6.5,7.75
35,6.4,7.75,3.8,8,7.5,5.25,7.25,4,8.5
36,9.4,6,7.4,8,7.25,7.25,6.5,3.75,6.5
37,5.8,7.5,8.2,4.25,6.75,2.25,6.5,6.25,4.75
38,8.6,6.75,9.4,5,6.25,5.5,7.25,5.25,6.5
39,5,7.5,8.2,7.25,7.25,7.25,7,8.5,8.75
40,5.2,5.5,8.4,2,7.75,5.5,8.25,5,9.5
41,8.8,6,8,5,8,4.75,6,7.75,9.25
42,5.4,7,5.6,7.5,7,5,7.5,4.5,7.75
43,3.8,7,6.8,8.25,8.25,2,4.5,3.25,8.25
44,8.6,8.5,9.8,7,7.25,5.25,6.75,3.5,7.75
45,5,9,5.8,7.5,8.75,3.25,5,5,8.25
46,8.8,3.25,5,6.75,6.75,6.75,6.25,4.25,7.75
47,5.2,6.25,3.8,5.75,8.25,5,6.75,2.75,9.5
48,2.6,6.5,8.8,7.5,6,3.75,4,6,8.5
49,8.2,7.75,4.8,6.25,7.75,4.25,8.5,6.5,9
50,9,7,4.4,7.75,8.75,4,7.75,8,7.25
51,7.2,9,4.4,3,1.75,5,7.25,2.5,8.75
52,7.2,7,8.2,7,8,4.5,8.5,3.75,8.5
53,7,6,7.4,6.5,7.25,4.25,6.25,3.25,7
54,9.4,6.25,9.2,3,7.75,6.25,6.25,2.5,8.25
55,7.4,6,8.8,7.25,4.75,5.25,6,4.25,6
56,8.8,8.25,5.8,3.25,6.75,5,4.25,2.5,7.5
57,8.2,6.25,9.6,4.5,8,4.25,8.25,2.5,7.5
58,5.6,8,3.4,6.5,8,5.75,7.75,7.75,8.25
59,6,6.5,7.4,6.75,6.75,5.5,8.5,6.75,10
60,5.8,5.75,5.8,8,8.5,4.25,3.5,5.75,8
61,6,6.25,5,7,7,7.5,3.25,4.5,8.5
62,6.4,8.5,3.4,3.5,6,6.75,6.75,6,8.5
63,3,4.5,2.8,2.75,8.75,5.5,9.5,3.75,7.75
64,8.4,5.5,3.2,7,7.75,8.5,6,7.5,5.75
65,6.2,4.5,8,5,3.25,6.25,6.5,6.25,10
66,7.4,6.5,5.8,7.25,6.25,4.75,7.25,2.75,9.25
67,6.4,4.75,4.8,7.5,8,4.25,7,5,7.75
68,7.8,3.75,7.6,5,5,4.5,6.25,2,9.25
69,4.4,6,6.8,6,8.25,6.75,7.25,8,9.5
70,7,6.5,8,7.75,8,6,6,8.25,9
71,5.8,6.5,5.2,7.75,7.5,2.75,5.25,7.25,3.75
72,7.6,6,8,8,6.5,5,6.5,4.25,9.75
73,7.8,6,8.4,7.25,7.75,6,6.5,9.25,9.75
74,7.4,6.5,3.4,4.25,7,5.75,7.25,4.75,9.25
75,6.8,7.25,7.2,7,7.75,3.25,3.75,2.75,8.5
76,4,5.25,3,7.25,6.5,6.25,6.25,7,9.75
77,8.2,6,4,3.25,7,5,7,5.5,7
78,5,6.75,9.2,6.75,5.25,4.25,6.5,2.25,9
79,6.8,8.25,4.2,6,6.5,5.75,8.5,5.75,7.75
80,3.8,7.25,4,8,8,4.5,8.25,3,8.25
81,3.2,6.75,4.6,5.25,9.5,6,6,3.5,10
82,2.2,7.25,3,8,5.5,6.75,4,3.75,9
83,5.8,5,3.2,7.25,5.5,5.25,8.75,6.75,10
84,4.8,6.5,2.4,7,7.25,5.75,7.75,7.25,7
85,8.4,8.25,9,6.25,6.5,4.5,7.25,6.25,9
86,7,7.75,9.4,8,8.5,5.5,7.75,8.25,9.75
87,8.2,7.75,3.4,6.75,8.25,7,8,6,8.5
88,5.8,6.75,1.2,4.75,7.5,7.5,6.5,6,7.75
89,5,7.75,4,7,6,8,5,6.25,9.75
90,7.2,6.75,3,6,6,6,6.25,5,8.75
91,5.4,6.75,8.6,6.75,7.75,4.5,7.25,4.75,9.5
92,7.4,7.25,7.2,8.5,4.25,4.75,6,4,7
93,9,6.5,3.6,5.75,8.25,4.75,8.25,5.75,9.5
94,6.8,7,4.4,8,5.5,5.75,6.75,6.75,9.25
95,7.8,5.5,6.2,7.25,8.25,2.75,7.75,6.5,8.75
96,8.6,6.5,3.4,7.5,6.5,5.5,6.25,4.5,9.75
97,7,9.25,3.8,6,5.5,4.25,6.5,3,9.75
98,7.4,8,8.6,7,3.25,4.75,6.25,6.75,9.25
99,6.4,7.5,5.4,3,7,5.25,6.5,6,7.5
100,7.6,4,9,5.25,6.25,4.5,9,3.5,9
101,4,7,7.6,7.75,8.5,5.25,6.5,3.5,9.75
102,6.8,7,8.4,7.5,6.5,4,6.5,8.5,9.25
103,8,5,5.6,6.25,5,4.5,6.25,3,8.25
104,4.2,5.5,4.4,8.25,8,6,6.25,2.25,9.75
105,6.8,6.75,7.4,5.75,7.75,9.25,7.5,8.5,6.5
106,8.4,7.5,8,7.5,8,5,8.75,3.75,8.25
107,8,3.5,4.4,8,6,4.5,8.5,4.25,7.25
108,5.8,7,4.2,6.25,5.25,6,7.25,5,9.75
109,6.8,5.25,4.6,5.25,6.25,3.75,6.25,5,8.75
110,8.4,8,5.2,7.5,7.25,4.75,6,4,9.25
111,5.8,8.75,8,9,8.25,6.25,6.25,5.5,7.25
112,5.2,6.75,6,7.5,6,3.25,7,4.75,8.25
113,7.6,8,2.6,8.25,4.5,5.75,5,3.5,9.25
114,7.6,8,3.4,6.25,7.5,6.25,8,6.5,8
115,7.2,5.5,6.4,8.5,7.25,4.25,6.75,2.75,9
116,6.2,7.25,6.2,6.25,8.5,4.5,4.75,2.5,10
117,8.2,5.75,6.4,7,8.25,6.75,8.5,5,9.25
118,5.8,6.75,3.4,5.75,6.75,8.25,6.75,3.25,8
119,4.6,6.25,4,5.5,7.5,4.75,7,6,9
120,3.4,7.75,3.6,4.75,8,6.25,6.5,3.5,9.5
121,5.8,6.5,9,8.25,7,4.75,6.5,5.5,8.5
122,6.2,3.25,4.4,4.75,8,6,6,3.75,8.25
123,6.2,6,3.8,3.75,7.5,6,4.75,5.25,9.75
124,5,4.5,3.6,5.25,6.75,4.75,8.5,2.75,9.75
125,5.4,7,8.4,9,6.5,1.75,8.25,3.75,7.25
126,2.4,6.5,6.2,7.5,6.75,5,8,3.5,8
127,5.6,5,6.8,5.25,4.25,4.75,6.75,5.25,8.75
128,8.4,6.5,3.2,7.25,7.75,4,9.25,4.75,6
129,5.4,8.5,9.8,7.75,8,7,2.5,5,9.5
130,5.8,6.25,6,6.75,4,6.25,5.5,3.75,8.75
131,8.8,5.5,5.2,5.5,9.5,3,6.25,2.75,7.25
132,4.2,5.25,3.8,7.25,8.25,7,6,3.75,7.25
133,6,7,7.8,4.5,4.75,3.75,9,3.25,9.75
134,7,5.25,8.8,6.75,6.5,5.25,6.5,3.5,8.25
135,5,7.75,4.8,6.25,5,7.25,7.75,5.5,7.5
136,3,4.25,7.4,6,8.25,3.25,8,5.25,7.5
137,7.8,9,9.4,4.75,9,5.5,7,3.25,8.25
138,8.4,4.25,9.4,8,5,3.5,7,3.75,8
139,8.6,6,8.4,7,4.25,8,6,7,6.75
140,6,5.5,5,6.5,5.75,4,6.5,3,8.75
141,7.2,6.25,2.6,6.75,5.5,3,7,5.75,8.25
142,7.8,8,4.6,7.75,5.75,3.75,6.5,6.5,7.5
143,7.6,6.75,7,3,8.25,5.5,8.5,2.75,8
144,6.6,6.5,3.6,5,5.75,5.5,6,5,6
145,2.8,7.75,3.4,7.25,4.75,5.25,7,7.5,9.5
146,6,7,9.2,6.25,6.25,5,8.5,4.75,7.75
147,8,4.5,3.2,8,5.5,6,7,6.25,7.5
148,8.4,7.5,4.2,6.75,8.75,6,6.75,7,10
149,7.2,5.5,4.8,7,5,7.75,7.5,6.25,8.25
150,4.8,8,4,6,7.75,3.75,8,3.5,8.25
151,3.6,7.75,4.6,7.5,7.5,4.25,7.5,2.25,8.5
152,8.4,5.75,8.4,4.5,3.75,6,5.5,4.25,6.5
153,7.6,6.25,3.6,7,7.25,4,6.25,5,7
154,7.6,5,4.4,5.25,7.25,4.5,6.5,4.5,9.25
155,5.6,8.5,8.8,4.25,6.5,5.75,5.25,3,7.5
156,6,6,9.4,6.5,8.75,8.25,6.5,4.5,10
157,4.4,7.75,3.6,7,8.25,7,8.25,6,9
158,8.4,7.25,8.2,5.25,5.25,6.5,6,6.25,9.25
159,8.4,8.5,3.4,6,8.25,7.25,7.25,8.5,9
160,6.2,8.75,4.2,6.25,8.25,5,5.75,4.5,10
161,5,6.75,3.8,7.5,7.75,4.5,7.5,4,7.5
162,6.2,7,6.2,6.5,7.75,4.25,6,9,7.25
163,4.2,5.75,2.8,6.75,8,5.75,7.25,5,9.75
164,7.2,6.75,6.2,5,8.25,7,6.75,6.25,8
165,4.6,8.25,8,7.5,7,6.25,8.75,6,8.5
166,6.6,7.5,2.6,8.75,7.5,4.5,8,6,8.25
167,7.2,5.75,2.8,5,7.5,6.75,7.25,4.5,7.75
168,7,6,4.8,8.75,6.75,5.75,8,3,7.75
169,4.8,6.5,3.6,5.25,7.5,6.5,7,3.25,9
170,8.6,8.5,6,8,4,6.5,8.5,6.25,8.25
171,7.4,8,7,7.25,8,5.75,7,3.75,8.25
172,8,6.5,4,7.5,4.75,5,7.25,4,6.75
173,7.4,6,7.6,5.75,6.5,4.25,7.5,6.75,8
174,5.2,8.5,9,6,7.5,4.25,7.75,6.25,8
175,6.4,6,3.2,7.25,5.25,4.25,5.25,2.5,9.5
176,3.2,8,7,7.75,8.75,4,7,6.25,7.75
177,3.2,6.75,6.4,6.75,7.25,6.5,7.5,5.75,8.75
178,4,2.75,4.8,4.5,7.25,3.75,5.75,5.25,9.25
179,3.8,8.25,3.6,7.25,7.5,5,6.75,7.5,7.75
180,3.8,7.25,6,4.5,6.5,3.5,5.25,9.25,8.5
181,3.6,5,9.6,5,8.25,7.5,7.75,6.75,8
182,8.2,6.5,5.2,7.25,7.25,4,7.75,5.25,9.25
183,8.2,7.75,6.6,8.25,7.25,7.25,6.5,9.5,9.75
184,8.6,5.75,9.6,6,5.5,5.75,6,5.5,9
185,3.6,8,9.4,7.75,8.5,6.25,6.75,3.75,9
186,6.6,8.5,3.2,8,4.25,6.25,6,1.75,8.75
187,2.8,4.25,3.2,4.75,7.5,5.75,8,3.75,6.5
188,6.4,5,3.4,8,6.25,7.5,8.75,5.75,9.5
189,5.4,6,6.8,2,5,5,6.5,7.5,8.5
190,8.6,6.25,8.8,6.25,5.75,6.5,7.5,3.75,9.75
191,7.8,7.5,5,4.5,7.75,4.75,7.25,3.75,9
192,6.6,7,8,4,6.5,8.75,9,5,6.25
193,8.4,7,2.6,7.75,9,5.5,6.75,3.25,9.75
194,8.2,5,5.6,5.75,3.25,5.5,7.25,3,9.75
195,8.8,7,9.8,7,8.75,5.25,8.75,4,6.75
196,8.4,8.5,5.4,8.5,8.25,4.75,6.75,5.25,5
197,5,6.75,8,6.75,7.25,2,6.5,3.25,9.75
198,7.2,7.5,8.4,7,7.25,4.5,8,8.25,9
199,7.2,6,8.8,7,7.25,3.25,7.75,2.5,9
200,7.6,5.5,6.6,4.25,5.5,7.5,7.75,3.75,8
201,5.8,6.5,5,6.25,6.75,8,5.5,4,9
202,8.2,5.25,9.2,6.75,6,4.75,6.25,6.25,5.75
203,7.8,5.75,5,8,8.5,7.25,6.5,3.75,9.5
204,2.6,6.5,4.6,3.25,8,5.5,6,5,6.5
205,7.6,6.75,3,6.5,8,6.25,7,7.75,9.75
206,9,7,3.6,8,8,8.25,8.5,6.5,9.75
207,7.2,5.75,8,8.25,8,4.5,7.25,3,9.75
208,4.6,5.75,7.2,4.5,7.5,8.5,6.25,4.5,8.5
209,5.8,6.25,3.2,8,6.75,6.75,7.5,3.5,8.75
210,4.8,5,4,6,7.25,3.75,8.25,5,9.5
211,7.8,7.25,6.8,3.75,7.75,4.75,7.5,5,8.75
212,7,4.25,4,7.75,6.5,7.5,7.75,4,9.75
213,6,3.5,6.2,8.25,3.5,8.5,7.25,8.25,6.5
214,8.2,6.25,7,7.75,6.75,5.5,6.75,4,9.25
215,5.6,8.75,7.4,8.25,9.25,5,5.25,2.75,9.75
216,4.6,2.75,5,7.5,3.75,5.5,5.75,3.75,9.25
217,8.2,7,9.2,7.75,6.5,6.75,5,2.75,7.5
218,7.2,3.5,9.4,5.75,5.5,5.75,6.5,8,9.25
219,6,8,5,8.5,4.5,6.25,5.75,5.25,9.25
220,5.4,6.5,7,8.25,7.75,6.25,8.25,5.25,8.25
221,5.4,7.5,6,7,3.75,4.75,9.25,6.75,7.75
222,8.6,8,3.6,5.75,6.75,4.5,7.25,4.25,9.5
223,8.2,3.5,3,6.5,8.5,5.75,7.5,4.5,7.75
224,5.4,2,8.6,5,6,7.25,6.25,8,10
225,6.6,8.75,3.2,5.75,6.5,5.75,8.75,2.25,9
226,1,7.25,6.8,6.5,7.5,7,8.75,7.75,8.5
227,8,6.75,5.8,5.75,6,3.5,7.25,5.75,9
228,6.6,6,6.4,4.5,4.25,7.25,5.25,3.5,9.5
229,7.4,6.75,4,6.75,4.75,5.75,5.25,3.25,8.5
230,7.4,5,4.8,4.25,7.25,8.25,7,5.25,6.75
231,5.4,5,9.2,6.75,5,6,7.25,1.75,9.5
232,4.2,7.75,5.4,3.5,7.25,4.75,7.25,6.25,8
233,6.6,5.5,5,9,7,6,5.75,4.5,8.25
234,8.6,7.5,7.8,6.25,4.5,3.75,6.25,2.75,9.5
235,6.6,5,2.4,5.5,4.75,5.75,5.75,4.25,7
236,7,5,9,6.75,7,5.25,6,3.25,7.25
237,8.8,6.5,8.2,5.75,6.25,4.5,7,2,8.75
238,5.6,8,8.6,7.5,6.5,3.5,7.25,4.5,8
239,8,6.75,6.8,5.5,8,6.25,9.25,5,5
240,7.4,6,6.2,7.75,7.5,6.5,6.5,3.25,8.5
241,5.8,6,4.6,5.75,7.75,5.75,7.75,5.5,9
242,4.4,7,4.2,7,5,6.25,8,7.75,7.5
243,8.2,6.75,2.6,8.5,6.25,5.25,8,7.25,9.5
244,4.2,3,2.6,5.75,8,4.25,6.5,3.25,7.75
245,8.8,6.5,8,4.5,5,9,5.25,6,4.25
246,6.8,4.25,8.8,3.25,6.25,5.75,7,4,9
247,8.2,6.5,2.4,6,8,8,6,4,6.5
248,6,6,8.8,7,7.25,4.75,7.25,4.5,9.25
249,5,8.25,7.2,5,7.25,3,6,7.25,9.75
250,3.6,4.5,6,6.75,8.5,4,8.25,5,8.25
251,0.8,5,3.8,7,5.75,5.75,6.5,3.5,9.5
252,7,6.5,5.6,5.25,7.75,5.5,8,6,6
253,8.2,6.5,5.2,7.25,6.5,2.75,4.75,8,8
254,5.8,6.25,2.4,7.5,6.75,6.25,7.75,4,8.5
255,8,7,8.8,5.5,5.75,6.25,7.75,3.5,4.5
256,7.8,6.75,7.6,7.5,6.25,5,7,7.75,9.25
257,8.2,6,4,4.25,8,6.75,6.25,5.75,8.25
258,6.2,6.5,3.4,7.75,8,7,7,4.5,9.5
259,5.6,7.5,7.6,7.75,7.5,4.5,6.5,5.25,8
260,6,6.75,4.8,6.75,7,4.25,7.25,5.5,5.25
261,4.2,5,9,6.25,7.25,5.25,7.75,8.5,8
262,5.8,7.5,6.2,7.25,4.5,7,8,5.75,6.5
263,8,6.5,3.4,7.25,7,5,7.5,6.5,8.75
264,7.6,7,6.6,7,7.75,6.75,6,7.25,7.5
265,8.2,6.75,3,7,3.75,6,7.25,3.5,8.75
266,4,6.25,4,6.75,7.75,3.75,8,6.25,7.25
267,8.6,5,5.2,8,4.25,3.5,6.5,3.5,6.25
268,4.8,6.5,8.2,7.75,3.75,6.5,6.5,4.5,10
269,7.6,7.75,6,6.25,8.5,5,7.5,3.5,7.5
270,7.2,5.5,3.6,6.5,5.5,7,8.75,3.75,8.5
271,7.6,5,3.2,5,8.5,5.25,5.75,3.75,9.5
272,6.8,6.25,3.4,8.75,7.5,4.75,9.5,5,7
273,3.6,8.25,3,3.75,1.75,5,8,2.75,10
274,6.6,6.75,7.8,8.25,6.75,8.5,5.75,7.5,7.75
275,8.4,7,2.8,7,3.75,6.75,8.5,4.75,9.25
276,8.4,7.5,9.6,8,8,3.75,8.5,7.25,9
277,7,3.25,6,7.25,4.25,6.5,5.25,7.25,5
278,7,8.25,2.6,7.75,8.75,7.75,4.75,3.5,5.25
279,4.2,6.75,5.2,6.5,7,5.25,5.25,4.25,10
280,5.8,8.75,3.6,4.25,7,3.5,9,5.75,8.75
281,3.8,3.5,9.8,8.25,6.5,2.75,6.5,3.5,8.75
282,8.6,2.25,6.6,4.5,7.5,6.25,6.5,6,7.5
283,8.4,7.25,4.2,6,6.75,4.5,9,4.5,8.75
284,7,7.5,3,8.25,7.75,6.75,6.25,2,9
285,3.6,6.5,8.4,6.75,8.5,3.75,8.75,4.75,8.75
286,4.8,7.5,3.2,7.5,7.5,6.75,7,4,7.25
287,5.6,7,6.4,8.75,9.25,5.25,7,6.5,5.75
288,6.4,7,3.8,7.25,8.75,4,5.75,5.5,8.5
289,7.6,5.5,6.8,3.25,7.75,4,6.25,3.5,9.25
290,3.2,6.75,7.2,6.5,7.5,6,9,5.5,9
291,7.6,7,4.4,5.75,7.5,4.5,7,3.25,8.25
292,7,7,5.6,4,7,4.25,6.75,3.5,7.25
293,6,7.5,5.2,6.25,6.75,3.75,7.75,4,9.75
294,6.8,8.25,7.6,8.5,5,4.5,6.5,4.25,9.5
295,8.8,7,4.4,8.5,5,4.25,6.75,6.5,8.75
296,8.8,5.5,4.8,7.25,9.25,6.5,7.75,4.5,9.5
297,5.8,6.5,6.2,7.75,8.25,6,8.5,5,7.5
298,7.8,7.5,7.8,7.5,7.5,5.25,4,7,8.5
299,7.8,8.5,8.2,5.75,8.25,7.5,6.75,4.5,8.5
300,8.6,6.75,7.4,8.5,9,7.5,5,1.5,9.25
301,8,6,4.2,7.25,8.25,4.75,6.5,6.5,8.25
302,6.6,6.25,3.2,7,5.25,4,8,4.25,7.5
303,7.6,8,7.6,7,5.75,7.25,3.25,3.5,9.5
304,8,7.5,4.8,8.75,2.75,4.5,7.5,7.75,5.5
305,6.2,6.75,8,7.5,4,7.75,6.25,5.25,9.25
306,3,6.75,9.2,8,6.5,6.5,7.5,5.25,9.75
307,8.2,7.25,2.8,7,4.5,6.75,9.25,4,8.25
308,8.8,8.75,4.4,4.75,7.75,2.25,8,4.25,9.5
309,8,4.25,8,8,6.75,4.25,8.5,7.25,6.75
310,8.8,6.75,3.4,4.75,7.5,5.25,9.5,8.5,8.5
311,4.6,7.75,3,7.25,5.25,7,5.5,6.25,8.75
312,7.6,7.5,7,6.5,8,4.5,5.5,2.25,9
313,2.4,8.5,9.8,8.25,7.75,6.5,6.25,4.75,9.25
314,6.2,8.5,8.2,6.5,4,5,7.25,3.5,9
315,3.6,3.25,6.8,5.25,3.75,5.25,7,2.75,8.5
316,5.8,5.25,3.8,7.75,6,3,8,3.25,10
317,5.8,5.75,8.6,6.5,8.25,6.25,6.25,3.25,6.25
318,3,8,6.2,3.5,7,4.5,6,4,6.25
319,6.4,7,5.2,7.5,5.25,6.5,8.5,6,7
320,3.2,3,8.6,4.5,7.75,5.5,6.5,4.5,6.75
321,7.8,7,9,7.25,5,4.75,5.25,3.25,7.5
322,9,4.25,4.2,7.5,4.25,8.25,4.75,7.5,7.75
323,5.2,7.75,4.4,6.5,3,3.25,7.25,5.5,9
324,8,6.5,3.6,7,7.25,6,6.25,9,9.25
325,3.8,6.5,5.2,8.75,5.5,5.5,6.75,3.25,9.25
326,7.8,4.75,8,5.25,8,6.25,6.75,6.5,8
327,6.4,4.25,9.8,5.5,6.75,4.5,9,5.25,9.5
328,7.2,7.25,2.2,7,7.75,6.75,5.75,5.25,8
329,5.6,7.75,5.4,7.25,7.75,4.75,5.25,7.5,8.5
330,6.6,6.25,7.4,8.5,7.75,4.5,5.75,3.25,7
331,4,6.25,7.2,3.75,3.5,8.75,7,6.25,7
332,7.8,7.75,2.4,8.5,6.5,6,7,3.5,9
333,5.6,6.75,4.8,8,5.75,4.5,6.75,5.5,9.75
334,6.8,8.25,3.2,8.25,6.5,4,6.5,7.75,9.25
335,7,7.25,5.2,7.25,8.25,5.5,6,6.5,10
336,9,5.5,2.2,6.75,7,9.5,6.75,8,9.5
337,7.8,7.75,3.2,8.25,4.75,5.5,7.75,3.25,9.25
338,5,9,8,4,5,5,5.5,4.25,8
339,8.4,6.5,7.2,9.25,5.75,3,6.5,4.25,8.25
340,7.6,6,7.6,7,4,5.25,7,7.25,6.25
341,5.4,5.25,4,3.75,3.25,6.75,7.75,3,8.75
342,5.8,6.5,4.6,6,8.5,4.25,6.25,8.5,8.5
343,6.2,6.75,9.8,8,3,6,7.25,6,8.75
344,5.6,5,6.8,6,8.5,7,7.75,3.75,9.5
345,7.4,7.5,3.8,8.25,7.75,4.75,6.75,6.75,7.5
346,5.6,8,3.6,7,5.5,5.5,6.5,5,8.75
347,9,5,2.6,5.75,4.25,3.75,8.75,4,9.25
348,8.6,8.25,4,5.5,6.5,4.5,8,4.25,6
349,7.2,4,5,5.75,8.25,5.5,8,3.75,5.25
350,6.8,6.75,6.2,7.5,8.75,2,7.75,2,7.5
351,8.4,4.5,3.8,4.75,8.25,6,4.75,6,7
352,8.6,3.75,3.4,5.25,8.75,3.75,6.75,7.25,7.75
353,7.6,7,5.8,4.75,8.75,5,8.5,2.75,8
354,8.4,5.75,4,6.5,7.5,7.25,6.5,6,9.25
355,7,7.5,3.2,6.5,6.5,4,6.75,4.5,8.75
356,5.2,4.5,2,4,6.5,5,8,2.75,9.25
357,8.2,6,6.8,4.25,7,4.25,5.5,3.75,9.5
358,7.4,7.75,8.2,6.5,3.5,2.75,6.75,5,7.25
359,6.6,6.5,6,7.75,7.5,6.75,6.75,7.75,10
360,7,4,8.6,7.25,4.75,5.75,5.75,4.25,9.25
361,7,4,8.8,5.5,5.75,3,8.5,5.5,7
362,7.4,4.75,9.8,7.25,6.25,5.25,6.75,5.5,9.25
363,8.6,7.25,9.4,5.5,8.25,6.75,7.75,8.5,10
364,3.2,8.5,2.8,7.5,7.75,6.75,7.75,4,9
365,5.4,8.75,6.8,7.5,7.75,6.25,5.5,4.75,9
366,3.4,7.75,4.8,8.25,7.75,6.25,9.5,7.5,8.25
367,4,7.5,8.8,5,5.75,2.5,6.5,4.25,6
368,4.6,7.5,9,7.75,6,8.25,6.5,6.25,8
369,8.2,6,9,8,7.25,3.5,6.25,7,9
370,8.6,4.75,8.4,6,4.75,5.25,8.75,4.25,8.75
371,6.4,6,8.2,4,8.25,3.25,8.25,5.5,5.75
372,7.2,3.75,8.2,8,4.25,5,6.75,7.5,3
373,4.8,7.25,8.8,8.5,5,5.25,6,5.5,7.5
374,8.2,6,3.6,5.5,7.5,6.75,9,3.5,8.75
375,2.6,3.75,5.4,5.5,4.5,6.5,6.25,7.25,9.75
376,9,6.25,8,6.25,7,4.75,4.75,5.25,9
377,5,5,5,7.5,7.5,4.25,7,5.5,9
378,7.4,7.75,8.6,8.25,5.75,5.5,6,6.5,9
379,7.8,4.75,3.6,8.25,4.75,6.75,6.75,5.5,8.25
380,5.6,7,4.6,4.25,8,4,8,5.75,9.75
381,6.2,7.5,4.6,7.5,6.25,5.5,6.75,7.75,9.5
382,8.2,6.5,4.6,5.5,6.25,6.25,6.25,5,6.5
383,7,8.5,3.2,4.25,7.25,4.25,6.75,1.5,8.25
384,7.8,4.75,8.6,7.5,9,4.75,6,6.75,8
385,7.8,7,5.4,7,7.5,6.25,4,2.25,6.5
386,4.2,4.5,8,5.75,6.75,6,6.75,6.5,8
387,9,6,5.8,9.5,5,7.5,6,9.5,8.5
388,4.8,6.75,4.8,3.75,6.5,5,5,4.5,9.75
389,7,5,6.6,5.5,5.25,6.75,7.75,8.25,9.25
390,4.8,7.5,4.6,6.75,7.25,7,7.25,5.5,7.75
391,7.6,4,3.6,7.75,7.5,3.75,7.75,9,8
392,5.6,7.75,3.8,7,6.5,6.5,6,4.75,9
393,6.8,6,8.6,5,2.5,4,6.25,5,8.5
394,6.4,6.75,9.8,5,5.75,7.25,7.75,6,9.75
395,7.6,6.75,7.2,8.25,8.75,5,9.25,3.25,9.25
396,2.2,6,3.4,3.75,6.25,5,7.5,4,9.5
397,9,6,8.8,6.75,8.5,9.5,5.75,4.5,9.75
398,6.4,8.25,5.2,8,5.5,7.25,9.25,5.75,6.75
399,2.8,4.25,9.2,9.75,7.25,4.75,7.75,6.25,8
400,3.6,7,8,5.5,7.75,6.5,6.75,4.75,7.75
401,8.4,7,4.4,6.75,7.75,6,6,2.25,8.5
402,8.2,7.5,3.6,7.25,4,5.75,8.25,4.75,6.75
403,8,8.25,3.6,7.5,3.75,4.25,6.75,5.75,9
404,8.8,6.5,6.8,5.75,7,3.75,7.5,6,8.5
405,6.2,7.75,8.4,8.5,4.5,7,6,6,8.25
406,8.6,8,3.4,7.5,7,7,6.25,4.75,9.5
407,8.4,6,5.2,5.75,4.25,3.25,4.75,4.25,8.25
408,7.2,6.5,9.2,6.5,5.75,4.5,5,8.25,10
409,8.2,7,3,6.75,7,5.25,7.25,4.5,6
410,9,6.25,9.2,7.25,5.5,5.25,5.25,6.5,8
411,8.2,6,6.4,5.5,7.5,5,6,7,9
412,7.6,8.5,9.4,9.25,8,6.75,6.75,5.25,8.25
413,7.6,6.75,6.6,5.5,6.25,6.25,8.75,3.5,8.25
414,7.8,5.5,7.8,5.5,8.25,4.5,7.25,5.5,8.25
415,6.8,6.25,9.6,7,6,4,7,6.5,9.5
416,8.6,6.5,9.6,4.75,7.5,4.75,8,4.75,9.25
417,7.8,5.5,3.4,6.5,6.5,4,7,4.75,7.75
418,7,7.75,8.6,5,7.5,5.25,7.25,8.5,8.75
419,6.8,7,9.8,4.75,5.75,4.25,6.75,4.75,8
420,7,6.25,9.6,6.5,5.5,5.25,7.25,6,6.75
421,8,8,8.6,6,6.75,4.75,7.25,4,8.75
422,4,5.25,8,6.5,4.5,4.5,5,4,6.5
423,7.4,5.5,7.8,6.5,8,7.25,8,5.5,9
424,8,6.25,6.2,6.25,7.5,6,5.5,3.5,8.5
425,7.2,5,9,7.5,7.5,4.5,6.5,6.25,8.25
426,8.6,7.25,8,4.25,5.25,4.75,8.5,5.5,8.5
427,8.6,7.5,5.2,7.75,7.25,8,5.5,8.75,4.25
428,5.4,6.75,5.8,9.5,7.75,5.5,6.5,4.75,8.5
429,7.6,6.25,3.6,4.25,5,6,6.75,4.25,7.75
430,1.8,7.25,7.4,3.5,7.5,7.25,8,2.75,8.75
431,5,7.25,9,7.5,4.25,8,6.5,5.75,10
432,7,4.75,7,5.5,7.75,4.5,7.25,3.75,7.75
433,8,7.75,3,7.5,7,8.25,5.5,5.5,7
434,5.2,6.25,3.8,4.75,5,6.25,7.25,2.5,6.75
435,7.4,6.75,9,7.5,5.5,8,8,8.75,7.75
436,7,4.5,4.4,7.5,8,6,7.5,7.5,7.75
437,3.4,2.75,3.4,6.75,8,5,2.75,6,9.25
438,5,6.25,3.2,4.25,7.25,4.5,7.5,4.75,7
439,8.2,7.5,8.2,8,7.25,5.5,7.25,6.25,8.5
440,3.8,5.5,5.2,3.5,6,5.75,7.25,3,7
441,4.2,5,7.8,6.25,6.5,8.25,7,5.5,9.75
442,3.8,7.5,8.6,4.75,5,3,8.75,3.25,8
443,8.4,7,4.4,7,5.75,3.75,6,9.25,6
444,7.6,6.25,5.2,8.75,5.5,6.75,7.25,4.25,9.25
445,5.4,7,6.2,7.75,6,4.25,7,5.75,8.25
446,5.4,7,6.8,5.75,6.25,4.5,7.25,1.75,6.5
447,8,6.5,3.4,5.25,7.75,7.25,6.75,3.75,9
448,6.6,6.5,2.8,6.25,8.5,6,7.25,7,9
449,8.6,7,8.6,8,7.25,7,7,2.75,9.5
450,7.8,7.25,3.6,5.25,7,7,8.75,3.5,8
451,6,7.5,8.6,6.25,8,4.5,7.5,8,8.75
452,8.4,6,1.2,6,7.75,6,7,3.25,6.5
453,9,7,8.2,7.5,7,7.5,6.25,5.5,8
454,6,4.5,2.8,6.75,8.75,5.5,8.25,3.75,8.5
455,8.4,6,5,6.75,7.5,7.25,6.75,2.25,9.5
456,9,6.25,7.6,8,7.5,4.25,7.25,3.25,7.5
457,5.8,7.25,3.2,8.5,8.25,7.75,6.75,6.5,8.25
458,7.4,7.25,8,3.75,7,6.5,7.25,3.25,8.25
459,5.8,7.5,6,8.25,8,6.25,9.25,4.75,7.5
460,8.8,5.25,4.8,8,7.25,2.75,6.75,5.25,9
461,7.8,6.5,4.2,3.75,7.5,9,7,4.75,8
462,6.8,5.5,8.6,5,5.75,6,7.25,4.25,5.25
463,8.4,7,5,4.75,5.5,6.5,5,2,8
464,4,6.5,9,7.75,3.5,9.25,7,4,9.25
465,7.6,5.75,4.2,7,8.25,4.75,4.75,4.5,4
466,6.8,8,4.8,4.75,7.75,4.75,7.75,7.75,7.5
467,6.8,5.75,6,6.75,3.25,5,5.5,5,9
468,5.8,2,5.2,8,4.5,4.5,6.25,6.5,8.75
469,4.6,7.25,7.8,4.75,6.25,5.25,7.75,6.25,8.5
470,7.2,5.75,9.2,8.5,6,3.25,6.5,4.25,7
471,8.4,7.5,5.8,2.75,7.5,5.5,5.25,4.75,8.75
472,2.6,6.5,4.8,6.25,7,5.25,6.5,5.75,9.25
473,4.2,8,2.6,5.25,8.5,8.5,7.5,3.75,8
474,6.4,8.5,8.4,6.75,8,4.25,7,3,6
475,6.6,4.5,7.2,4.25,7.25,5.25,8.75,6,9
476,7.2,6,7.8,5.75,4.25,5,7.5,7,9
477,8,6.5,4.4,6.75,6,4.25,8.25,3.5,9.25
478,6,6.5,4.6,7,8.75,7,6.25,8,8.5
479,7.2,8,3,7.75,5.5,6.75,5.75,4.75,7.75
480,8.4,7,3,7,5,7,8,4.5,10
481,8.6,5.25,7.6,6.75,6.5,4.25,7.5,6.25,7.75
482,3.6,3.25,3.2,6.5,4.75,5.5,6,6,9.25
483,5.2,8.75,9.6,8.25,8.25,5.75,6,6,7.5
484,2.2,6.25,8.4,6.75,3.5,5,5.75,5.75,7.75
485,6,8,2.2,5,3,6.25,6.25,5.75,9.5
486,6.2,6.5,5,6.25,7.25,6,6.25,4.5,6.75
487,5.8,5.25,8.6,7.75,7.5,4,7.75,5.25,8.25
488,7.8,7.5,2.6,8,7.75,9.5,6.5,4.75,10
489,6,6,8.6,8.25,3.75,4.25,6.75,9,8
490,8.2,7,5.8,8,7.25,7.75,6.25,8.5,9.75
491,6.2,7.25,5.8,8.25,7.5,3.25,6.75,6.75,9
492,4.4,3.25,7.2,7.75,7.75,4.25,6.75,5,8.25
493,6.8,5.25,9.2,6,4.25,9.5,7.25,5,7.25
494,8.6,4.75,4.8,8.75,6.5,4.25,7.5,7,9
495,8.2,6.75,5.2,7.25,6,4.5,8.25,2.75,9.5
496,2.6,7.5,6.8,4,7.75,9,7,4.25,9.25
497,4.2,6.5,5.2,5.75,3.5,6.75,6.5,6.25,6
498,7.8,4.75,5.2,6,8.25,5.25,5.5,4.25,8.5
499,8.2,5.5,3,7.75,7.25,7,6.5,5.25,8.25
500,8,7.5,7,6.5,7.5,5.25,6.5,4,8
501,9,7.25,8.8,7.25,6.75,9.25,6.5,6.5,7.5
502,6.2,6,4,4.5,5.5,5.75,5.75,8.5,9.75
503,9.2,5,4.6,6.5,5,4,6.75,2.75,10
504,7.6,6,9.6,8.5,7.25,6,7,6,6.5
505,8.6,6.5,9.6,3.75,5.5,7.25,7.5,7,8
506,5.4,9.25,9,7.25,8.75,6.75,9.25,6.5,6.75
507,7.8,8.5,5.4,7,8.5,9,5.75,4.25,9
508,8,9.25,3.2,5.75,6,5,7.75,5,8
509,2.2,8.25,7.6,7.25,5.25,5.5,6.5,2.5,8.5
510,6.8,8.25,9,6.75,7.75,4.75,4,2.5,9
511,8.4,4.25,6.2,7.5,6,4.25,6,4.75,6.25
512,8.8,6.75,9.2,5.5,4.25,5.5,7,9,9.75
513,4.2,7.25,2,7.5,4,5.75,8,6.5,9.75
514,6.4,6.75,7.4,6.5,8,5.5,6.25,5,8
515,8.2,8.25,7.4,6,1.25,7,7.75,6.5,9
516,4.6,7.25,5.8,7,7.5,4.75,5.25,7,9.25
517,6.4,8,7.4,6.25,7.5,9.75,7.5,4.5,8.75
518,7.4,7.5,5,7.5,6.5,5.5,6,7.5,9
519,4.4,7,9.4,7.5,8.25,4.5,6.75,2.5,8.25
520,6.2,7.5,7.2,8.25,7.5,7.25,6.75,2,9.25
521,4.4,4,5.6,3.25,5.5,3.5,7.75,3.5,9.5
522,4.8,6.25,3.6,4.75,4.5,3.75,6.5,6.25,6.25
523,7.2,4.75,8,8,6.5,4.5,6,5.75,8
524,8.2,8.75,3.2,5.5,6.75,7.5,6.5,4.75,6.25
525,6.4,5.25,3.6,6,7.5,4.5,8,5.5,7.5
526,6.6,8.5,6.2,6.25,7.75,4,4.75,2.75,8.5
527,6.8,3.25,4.2,7,6.75,8.75,8,4.75,9
528,8,7,7.6,6,9.25,5.25,7.5,6.25,8.5
529,5.8,7,9.6,6,6.75,4.25,7.25,5.75,9.5
530,2.8,7.5,4.6,5.5,7.75,5.25,7,2.75,8.75
531,6.4,7.25,3.8,7.25,6.25,5.5,5.25,3.5,3.75
532,3.8,5.75,9.2,5.5,9,6.25,8.5,6.75,7
533,8.2,6.5,6.8,8,8.5,10,7,9,9.5
534,8.6,9.25,6.4,7.5,8,5,7,6,8
535,6.6,9,8.6,7,8.75,7.25,5.75,4.25,9
536,7.8,6,2.6,8.5,7,5.75,7,3.5,8.25
537,5.8,8,9.2,7,8,5.75,6.75,6.25,8.25
538,6.2,8,4.6,7.75,4,6.5,6.75,8.75,8.75
539,6.8,5,6.2,7,4.5,5.5,4.75,4.75,7.75
540,5,7.25,7.4,6,8.25,3.5,7,5,5.5
541,6.4,7.25,6.2,8,5.75,5.25,8.25,3.5,9
542,8.6,6,2.2,7,7.5,6.25,6.25,4.25,8
543,6.4,6.75,4.6,7.75,6.25,4.75,7.25,2.75,10
544,6.2,8.25,4.6,5.75,5.25,5.5,7,6,9.5
545,8.8,5.5,3.8,7.75,7.25,5.75,8,7.75,7.75
546,6.4,6.25,4.4,4.75,4,3.75,7.5,6.5,8.75
547,8.2,7.75,3.8,6.5,5,4.75,7,3,10
548,5.6,4.25,8.4,6.5,4.25,4.5,7,2.75,7.75
549,6,7.75,5,5,6.5,6.75,8.75,8.25,6.25
550,4.6,5.75,8.6,7.75,2.25,3.5,7.25,3.5,9.25
551,8.4,7.75,9.2,7.5,9.25,5.75,7.75,9,6.5
552,5.2,6.5,7.8,5.75,7,4.75,7.5,4.25,8.25
553,5.8,6.25,4,6.25,3.25,5.5,7.25,4.75,7.75
554,8.2,7.75,2.2,6.75,5.25,5,6.25,4.25,9.5
555,8,6.75,2.4,5.75,6.5,4.5,7.75,5.25,9.25
556,6.8,5,9.2,7,9.5,4.25,6.5,5.75,7.25
557,7.8,5.5,7.2,8.75,7.75,5,6.75,8.25,8
558,8.2,2.5,4.2,5.5,6.75,4,9.5,6.25,6
559,7.6,5.5,4,7.5,7,6,8,3.75,7.5
560,5.2,5.75,6.2,7.5,6.75,7.25,7.25,4.25,8.75
561,8.4,6.5,3,3.75,7.5,4.75,6.25,6,9.5
562,8.6,2.5,3.2,7,8,3.5,6.5,3.25,9.25
563,6.4,6,7,4.25,5.5,7.25,8,7,10
564,4.4,5.75,9.2,8.25,6.5,5.25,6,2.5,9
565,3.8,3.5,4.8,5.25,7.25,5.75,5,6.5,7.5
566,7.8,5.25,9.8,6.75,3.25,4.75,5.25,6.75,9.25
567,7.8,5.5,7,7.25,5,8.25,8.5,5,8.25
568,9,8.5,3,7.75,7.5,4.75,6.75,3,9.5
569,8.6,6.75,4.8,5.25,7.75,5.75,8.5,4,7.75
570,8.4,6.5,7,5.5,6.75,6.75,6,3.75,6.75
571,8,6.75,6.2,7.25,2.75,5.25,6.25,7,7.5
572,7.6,7.5,8.8,8.75,4.5,6.25,7.75,6.25,9.25
573,8.6,8,4.4,7.5,7.75,6.5,7.25,8.25,7.5
574,9,6.5,8.2,6.75,7.25,5.75,7.25,8,9.5
575,8.8,4,7.4,5.75,6.25,5.5,8.75,3,9.75
576,6.6,4.25,9,5.25,5.25,8.5,9.5,7.25,8
577,5,7.25,5.2,7.5,5.5,6,6.5,3.25,7.75
578,7.2,6.5,6,7,5.75,5,8.25,6,10
579,7.4,6.75,4.4,3.5,7,5.5,7.5,3.75,8.75
580,7.4,3.5,7.2,4.25,4,6,7.5,7.75,9
581,5.2,6.75,9.4,4.25,7,7,6,6.5,6
582,8.4,7.25,9,4.25,6.75,5.25,6.75,5,9.5
583,4,3.75,3,8,6.5,6.5,5.75,3.75,9.75
584,5.8,6.25,5,6,8.25,6.75,7.5,5.75,9.75
585,7.8,8.25,2,7.75,8,3.75,8.5,4.5,10
586,8.2,5.75,2,8.5,7,5.75,6.5,7,10
587,7.4,6.5,2.8,5,7.5,3.75,6.75,1,6.25
588,6.2,6.25,2.2,8.25,6.5,5.5,8,4.75,9.75
589,6.4,8.5,4.2,7.25,7.25,3.5,4,4.25,9.75
590,6,7,3,8.5,5.5,8,7.75,3.25,8.5
591,6.6,7.75,7,5,7.25,4.75,6.5,5.5,7.75
592,8,9,3.8,7.25,7.75,3.75,7.25,3.75,8.25
593,7.2,7.25,9,8.25,6,4.75,7.5,3,8.75
594,5,8.75,6.2,8.75,5.5,5.75,6.25,3.25,9.25
595,7.4,6,7,5.75,5,5.5,6.75,6.25,5.75
596,6.6,8.25,7.2,5.5,8,4,6.5,8,7.75
597,8,2.5,7.8,6.5,7.25,7.5,6.75,6.25,8
598,7,6.75,2,8,6.5,4.5,5.75,2.5,9
599,7.8,6.25,9.2,7,8.75,3,9,7,8.5
600,8.2,6,7.2,8,6.5,5,7,4.5,7
601,6.2,4.5,4.2,5.25,7.75,5.5,6.5,4,8.25
602,4.6,8.5,3.2,7.75,7,5.25,7.75,3,9
603,3.4,6.5,3.2,6.25,5.5,4.5,6.25,2.75,7.5
604,7.6,8.25,8.4,8.5,7,5,7,5.25,7.5
605,4.2,6.75,9.6,3,8.25,4.5,6.5,6.75,9.5
606,6.6,8,7.6,5.25,6.75,3.75,4.75,4.5,8.75
607,4.6,6.5,4.2,7.5,7.5,4,7.25,3.75,7.5
608,5.8,5.25,3.4,4.75,8.75,3.75,9.25,5.5,9.5
609,8.2,7.75,4.6,4.75,7.25,4.75,5.75,2.5,9.5
610,7.4,5.75,5.8,8,7,5,5.75,7,9.75
611,2,5,3.8,7,3.75,6.75,6,4,7
612,2.6,7.25,3,8,5.25,7,4.5,2.5,5
613,7.2,4.5,3.4,7,6.75,6.5,7.75,4.75,8.75
614,5.4,7,6,4.75,8.5,4.5,8,2,6.75
615,4.2,7.5,8.2,5.75,7.5,4.75,5.75,3,9
616,2.4,5.75,3.8,7,3.25,6.25,7.25,4.25,9.25
617,5.2,7,9.6,6,8.25,6.75,7.5,4.25,9.25
618,9.2,5.25,3,4,6.75,5.5,7,5.25,9.25
619,6,8,6.2,7.75,7.25,5,5.25,3.75,9.5
620,3.8,7.25,7.6,5.75,7.75,4.75,4.5,2.75,8.5
621,7.6,5.5,2.4,7.75,8.5,4,5,3.25,9.25
622,6.4,5.75,4.4,7,9.25,7.5,6.75,5,8.75
623,7.2,8,6.8,6.5,6,3.5,7,3.75,9.75
624,7.4,8,3.2,5.5,3,2.75,6.75,6.25,9.25
625,8.6,6,7.4,8.75,2,6,8.25,7.25,6.75
626,8,7.5,5,8,6.5,6.75,4.75,4.75,8.75
627,5,8.25,5.8,7.75,8.75,5,6.5,2.5,9
628,7.6,5.5,2.8,7.75,8.25,5.75,5.75,4.25,9.5
629,3.6,6.25,9.4,5.75,5.25,6.75,6.25,5,4
630,7.8,4.75,7.4,4.25,8,6.25,6.25,6.25,10
631,6.8,7.25,9,8,8,5.75,7.25,4.5,8.75
632,4.2,7,5.8,4.75,7.75,6.5,8.75,6.5,9
633,5.4,8.75,6.4,4.75,5.75,8,8,5.5,10
634,5.2,8.5,6.4,5.75,7.25,4.5,8.25,6,8.75
635,6.8,8.25,8.6,7.5,7.5,3.5,6.25,3.5,10
636,6.2,7.75,4,5.5,8.5,6.25,6.25,5.5,9.25
637,3,5.5,2.8,4.75,7.5,5.75,8.5,3.5,8.5
638,5.4,6.5,5.4,6.25,7,5,6,4,9.5
639,6.8,7.75,2.2,3.75,7.75,6.5,6.75,7.25,7
640,7.6,9.25,3.8,4.25,4.5,3.5,7.5,5.5,9
641,8,7.75,10,8,7.5,4.75,6.25,8.25,8.75
642,5.8,5.75,5.4,5.75,6.25,7,5,6.5,8.75
643,6,6.75,3.4,4.5,3.25,5.25,6,4.75,8.25
644,6.2,7,4.4,5.25,5.75,5.75,7.25,5,8.5
645,8.4,5.25,4.4,8,8.25,5.75,5.75,3,9
646,8.6,5.25,6.6,6.75,7.25,6.75,7.75,3.25,7.75
647,6.8,7.25,7.6,7.25,7.5,6.5,5,5.75,6.75
648,8.8,3.5,6.4,4.5,7.75,5.75,7.75,4.75,9.5
649,7.4,6.5,9.2,7.75,7.5,3.75,5.5,6.5,7.5
650,7.2,6.75,8.8,3.5,5.75,6.25,9.5,3.5,8.5
651,8.6,7.5,9.6,5.25,5.5,4.75,8,5.25,9.25
652,5,8,2.4,9.5,8.75,4.25,6,5.75,6.75
653,3.6,8,9.4,6,5.5,8.75,8,1.5,9.5
654,6,5,4.6,6.25,7,6.5,6.5,5,8.75
655,9.2,8,8.4,4.5,8,3.75,5.5,4.25,7.25
656,7.8,8,3.8,7.75,8,6.75,5.25,6,6.5
657,8,5,6.4,8.5,7.75,7,4.5,4.25,9
658,7.8,4.25,9,4.75,8.25,5.5,7.75,7.25,9.75
659,6,7.75,8,6.5,7.25,6.75,5,7.5,8.25
660,7.8,6.75,9.6,7.5,5.5,4.25,7.5,6,8.75
661,6,5.5,6.2,5,6.75,5.5,8.75,4.25,9.75
662,5.6,5.25,6.4,4.75,8.25,3.5,8.25,4,6.25
663,7.2,3.75,3.8,8.25,5,4,8,5.25,9.25
664,7.8,6,6,7.5,8.5,6,8.5,4.75,8.5
665,7,8.25,3,4.5,4.5,6.5,4,5.5,8.5
666,7.4,6.5,9,6.5,8,7,8,3.25,9
667,7.4,8.5,8.4,7.75,8,4.25,6.75,8,9.25
668,8,6.75,7.8,5.75,5,5,7,5.25,9.5
669,8.4,7.75,9.6,7,8.25,6.25,6,5.75,8.25
670,6.6,7.25,8.8,7,7.75,5.5,7,4.75,7.5
671,5.8,6.5,10,4.25,8,3.5,4.5,3,8
672,7,7.75,1.8,8.25,3.25,4.25,6.5,4.75,8.25
673,4.8,8,4.2,6.5,6.25,6,8,5.25,7.75
674,4.8,4.25,8.8,7.5,7.5,6.75,9.25,2,7.75
675,9,5,4,7.25,7.25,4.25,6.75,7.75,10
676,6.2,7,5.2,7.25,8.75,5.5,6.75,5.75,8.25
677,6.2,6.75,8.2,5.5,8.5,7.75,8.25,4,9.75
678,5.6,7,5.2,5,8.25,6,8,4.25,9
679,5.6,5.5,4.8,7.5,8,5.25,5.5,3.75,8.25
680,8,7.5,2.2,5.5,7.5,5,7.25,6,6.75
681,7.2,5.25,3,4.25,5,5,6.75,3.5,8.25
682,6.6,6.75,2.6,5.75,8.25,7,5.5,2.75,6.25
683,4.2,6.75,5,5.75,6,4.75,7,6.5,7
684,8.4,6.75,9.2,8,8,7.75,6.25,5.75,9.5
685,5.4,7.75,3,5.5,7.25,4,6.5,6.75,8.5
686,7,6,8.6,6.25,6.25,5.75,7,3.5,8
687,7.4,2,3.6,6.5,9.75,5.75,6.25,6,8.5
688,8.4,8,7.2,5,5.75,5.75,7.75,3.75,8.5
689,9.2,4.25,9.4,9,7.5,8.5,7,3.5,8.5
690,6,6.75,7.8,5.75,7.75,5,8.5,3.5,7.75
691,4,5.25,2.8,5.5,7.25,3.5,7.5,7,8.5
692,5.2,6.25,7.8,6.75,8,7.75,5.5,5.5,9
693,9.4,6.75,9,7.25,8,6.75,7,4.25,9.75
694,8.6,8,9.2,8,8.25,6,6.5,4.5,8.25
695,8.2,8.25,3.2,5.25,4.5,6.75,4.25,3.75,8.5
696,7.2,6.5,2.4,6.25,6.5,5.75,6.75,2.75,7.75
697,7.2,8.25,7.8,8,8,3,4.75,4.5,6.25
698,6.4,6,4.2,6.5,6,6.5,7,3.75,8.25
699,6.2,6,5,9.25,5.25,6,7.25,8.75,9.75
700,4.6,3.25,4.6,6.25,5.5,6,8.25,8.75,5.25
701,6.6,5,4.4,8,8.5,6.25,8,4.25,9.5
702,8.8,7.25,9.6,4.5,6.25,6.75,7,7.5,8.25
703,6.8,8,7.6,4,8,3.25,8.25,3.75,9
704,2.8,7,5.4,5.75,7.75,5,7.25,5,9
705,7.8,7,9.4,5.25,4.75,8.5,8,4.25,8.5
706,7,2.75,2.8,4.25,5,7.75,9.5,8.5,9.5
707,7,6,3,5.75,5.75,6.5,5.5,2.25,9.25
708,8.6,7,3.6,7.75,7.75,3.25,7.25,5.75,7.5
709,8.4,8.5,7.8,5.25,7,6,7,3,9
710,3.8,6.25,6.8,5.25,8.75,4.5,7.5,6,10
711,6.8,4.5,5.6,6,8.75,4.5,6.75,6.75,7
712,7.2,8.75,7.2,7.25,8,4.75,6.75,5.25,10
713,7.4,5.75,4.2,7.75,3.75,5.75,6.75,6.75,9.75
714,7.8,3.75,7,7.75,7.25,4.5,7.75,4.5,9
715,6.4,8.5,6,8.25,8.25,3.5,6.5,5.75,7.25
716,8,6.5,7.4,4.25,8.5,4.75,7.25,4.25,6.5
717,7.8,4.25,3.8,8,5.75,4.75,6.75,3,8.75
718,7,5.75,7.6,7,8,4.5,6.25,4,8.5
719,6.2,6,8.8,5.75,8.25,5.25,6.75,6,9.25
720,8.2,7.5,3.4,8.5,3.75,3,5.25,6.25,8
721,3.8,5.75,9,6.75,5.75,5,7.75,6.5,9.75
722,6.4,6.75,8.6,5.75,8,6,7.5,3.75,9
723,7.2,7.5,5.2,4.75,6.25,6.25,6.75,3.75,7.75
724,8,5.25,5,3.5,5.75,6.5,6.5,6.25,8.5
725,4,3,8.6,4.75,3.75,5,6,5.5,8.75
726,8,7,8,4.75,5.25,4.5,7.75,7,9.25
727,4.6,8.75,6,7.25,4,7,8,4.5,9.75
728,7.2,6.5,8.6,5.75,7.75,4,5,4,8.75
729,7.4,4.25,9.6,8.5,6.75,7,6.25,9,9.75
730,3,5.75,4.2,8,4.75,3.75,7.5,3.5,8.25
731,8,7.5,3.4,4.25,7,5.5,7,5,9.25
732,7.8,7.25,8.4,6,7.25,6,5.5,2.25,6.75
733,4.8,7.25,8.2,7.75,3.5,4.5,6.5,3.25,7.75
734,7.6,5.25,8.6,4,8.75,4,7.75,2.75,9.5
735,6.4,3.5,5.2,8.5,7,4.25,7.25,4.75,6.5
736,8,8.5,4,7.25,6.5,4.25,8.25,5,7.25
737,5,8.5,9.6,5,6,5.5,7,6.25,7.75
738,8.6,6.75,5.6,5.5,8.5,5.25,7,3.5,9.75
739,5.8,5,3.4,7.5,6.25,6,6.25,3.75,9.75
740,2.8,4.25,4.2,8.75,6.25,6.5,6.25,2.75,9.25
741,7.6,5.5,5.2,6.75,8,3.25,8.5,4,9.75
742,6.4,7.75,9.2,5,4.25,6.5,6.5,2.75,9.75
743,5.6,7.5,8.2,7,5.5,5.25,6.75,6.5,8.5
744,8,7.25,4.2,5.25,4,5.5,8.75,7,10
745,8.6,8.5,4.4,5,3.5,7,4.75,4,7.5
746,5.2,7.5,3,6.75,7,5.5,6.5,2.75,8.75
747,7.6,4,8.6,7,7,8,8.5,4.25,8.25
748,4,7,9.2,7.25,5.5,2.75,6.75,2.75,9.5
749,2.8,6.25,8,6.5,2.25,5.5,8,8.5,8.75
750,8,5.5,5.6,8,6.5,5,7.25,3.75,7.25
751,5.8,3,4,6.25,5.75,7.25,4.5,7.5,8.5
752,4,5,3.4,7.5,7,6.75,8,3,8.75
753,8.4,6.5,4.4,7,3.5,6.5,8.5,4.75,10
754,8.2,6.75,9.4,5.5,7.25,5,8.25,3.75,8.5
755,6.8,7.75,2.8,5.75,7.75,3.25,7.25,3.25,9.25
756,5.8,8,2.4,8.75,7.25,6,7,6.75,7.5
757,6.4,7.25,9,6.75,8.25,5,5.75,4.25,9.25
758,4.8,8.25,9.8,7.25,5.25,6.75,7,4.5,9.75
759,8,7,8.4,4.75,7.5,6,5.5,3.75,8.25
760,6.4,7.25,5.4,6,6.5,3.75,7.25,4.25,8.25
761,6.6,8.5,9,8.75,8.75,4.25,5.75,6.5,8.5
762,7.4,3.25,3.4,6.25,4,7.5,9.25,4,9.25
763,7.4,7.25,4,5.25,5.25,5.25,8.25,5.75,9.5
764,7.8,5.75,8.6,4,8,3,6.25,2.75,7.25
765,8.4,8,9.2,8.5,6.25,7.5,8,7.5,8.5
766,6.6,5,2.6,8,7.25,4,7.5,9.5,8
767,6.4,8.5,6,7.25,8,4.75,7.25,8.5,8
768,4,6.75,3.2,6.5,5.25,4.5,7.25,5.25,8.5
769,7.6,3.5,4.8,8,5.25,4.75,8.25,6.75,8.75
770,6,3.25,4.4,5.25,6.25,5.75,8.5,4.5,9
771,5,6.5,4.4,6.75,2.75,4.25,7.75,4.25,9.5
772,8.2,5.75,6.8,9,7.25,5.75,7.25,3.75,10
773,6.4,6.75,4,6.25,7.5,6.75,7.75,5.75,8
774,8.2,9,5.4,8.25,7.5,3.5,7.5,3,5.75
775,7.8,6.75,3.2,6,3.75,6.25,6.75,6,9
776,7,3.75,2.2,2,6,4.25,9.25,6.25,9.25
777,8.6,5,7.8,6,4.25,5,6.25,3.25,6
778,7.4,7.25,8.4,7.75,6.25,8,7.5,4.5,8
779,6.4,6.25,4.2,6,7,5.5,8.25,6,8.75
780,2.4,5.5,2.2,8.25,8,5.5,6.75,4.75,9
781,6.2,6,3.8,6.5,6.5,7,7.25,8,9.25
782,6.2,4.75,4,6.5,8.5,5.75,7.75,2.5,7.5
783,4.6,7.5,8.8,7.75,7.75,5,4.5,7.5,8.25
784,7.4,7.5,9.6,6.75,3.5,9,8.5,3.25,9
785,2.6,8.25,4.8,7.75,8.25,5.25,6.5,5,8.5
786,7.4,5.5,9.6,7,7.25,6.25,6.5,4,6.25
787,6.2,7.5,8,6.75,8.25,4,8,5,5.75
788,7,5.75,8.2,7.75,7.25,6.75,9,5.5,8.25
789,9.2,6.5,3.4,4.25,7.75,5.5,8.5,5,9.25
790,4.4,7.5,7.2,5.5,8.5,5.75,6.75,4.5,7.75
791,8,4.5,6.4,7.25,6.75,7.5,8.5,7,8.75
792,8,7.5,10,7,6.75,7,6.5,4.25,9.25
793,8.8,8,7.6,5.25,5.5,6.75,7.5,2.25,8.75
794,7.4,6.75,2.2,7.5,8.25,5.5,8.75,4.5,8.25
795,7.8,8,4,8,7.25,7,7,4.25,8.5
796,5.2,5.25,6.2,7,7,4,7,6.25,10
797,8.6,8.5,3.6,5.5,7.5,4.25,6.5,4.5,9
798,6.4,5.5,7,4.25,7,8.25,4.75,4.75,8
799,6.2,6.75,2.4,7.25,7.25,5.75,6.5,4.25,7.25
800,8.6,7.5,5,8,6.25,8,7,2.25,6.75
801,5.4,7,2.6,9.25,7.75,5.5,6,5.5,9.5
802,7.8,6.25,3.2,7.5,6.25,5.25,8,2.5,9.5
803,7.6,7.25,3.4,6.75,8.75,4,9.25,7,8.5
804,8.2,7.75,8.4,7.75,7.5,6,7.75,4.25,8.5
805,4.6,6.5,9.8,7.75,6.75,5.25,7.25,4.75,8
806,6.4,3,8.4,5.75,8.25,5,5.5,5.25,8.25
807,8.6,8.25,4.6,7.25,5.5,3.5,6.25,8.5,7.25
808,4.2,6,4.6,7.5,5,6.5,9,6.75,7
809,3,7,2.8,6.25,4,3.75,9.5,5.75,8
810,4.6,3.5,8.2,7,7.25,9.25,7,9.25,9
811,5.4,7,6.8,8.25,8.25,6.75,7,5.75,5
812,8.2,7.25,7.4,5.5,7,7.75,6,7,8.25
813,8.4,8.25,8.2,6.5,6.75,5.75,5.75,3.5,7.25
814,7.4,8,4.4,6.25,4,5.25,7.75,6,7.75
815,8.4,6.5,3.6,7.5,6.75,5.25,5.5,9,9.25
816,8.4,6.75,5,7,7.5,5.25,6.5,5.5,8
817,8.4,7.25,3.2,6.5,4.75,7,7.25,3.75,10
818,6.4,7.5,8.4,5.25,7.75,6.25,6.75,5.25,6.25
819,9.2,7.75,4.8,7.25,8,6.75,4.75,3.75,9
820,3.6,5.5,3.6,7.5,8.25,7.75,6.25,5.5,7.75
821,7.6,7.5,6.4,7.75,7.75,3.5,4.25,3,8
822,6.8,5.5,7.4,3.25,7,3.25,6.75,5,9.25
823,9.4,6,6.8,6.75,4.25,6.5,7,7.75,8
824,6.4,6.5,7.4,4,8,7.25,8,4.5,9.25
825,6,8,7.6,7.75,8.5,5.75,7,2.5,9
826,7.8,5,4.6,6.75,7.25,3.75,8.25,5.5,6.25
827,3.2,5.25,2.8,6.5,5.75,4.5,5.75,2.5,8.25
828,5.2,8.25,4.2,6,6.75,8.5,4.75,4.5,9
829,7.8,8.25,2,5.75,7,3.75,8.75,2.75,7.75
830,5.8,8,3,7,7.75,5.25,5,3.75,7
831,8,7,5.6,7,7.5,9.5,7.5,2.75,9.25
832,8.4,7.5,5.2,4.5,8.25,4.5,6.25,5.75,8.25
833,6.6,4,2.4,5.75,2,6.75,6.75,7.25,6.5
834,4.8,4.25,3.4,5.25,7.5,6.75,7.75,4,9.75
835,6.2,7.5,4.2,7.75,8.75,8,6,6.75,7.5
836,6.6,3,3.4,5.75,4.75,5,8.75,5.75,9.5
837,9,5.25,4,7.25,6.25,5.25,8.25,2.5,9.75
838,6.6,6.5,4.4,4.5,7,5.5,7.5,4,9
839,5.8,6,7.4,9.25,8,6.5,7.25,3.5,6.5
840,7.4,9.25,5.6,6.5,6.75,3.75,5.25,3.75,9
841,5.8,4.5,5.4,6.75,7,5.75,6,6.25,9
842,6.2,7,3.8,5.5,3.5,5,8.75,5.75,9.75
843,6,6,5.6,5.75,5.25,4.5,5.75,6.75,9.5
844,8.2,5.25,5.8,2.25,8.5,5.75,4,4.25,7.5
845,3.6,4,7.6,6.25,7.25,5.75,7.75,7.75,7.75
846,7,4.5,5.8,5.5,7.75,6,7,4.75,5.25
847,6.8,7.5,8.6,7.5,7.75,5,4.5,3.25,6
848,8.6,7,2,3.25,8.75,8,7.75,7.75,8
849,6,6.25,9.6,5.5,6.25,5.75,5,6.25,7.25
850,3.4,6.25,7.2,6.75,7.5,4.75,4.75,5.5,9.25
851,9.2,6.5,7.4,6.5,8.25,8.75,6.5,2.5,9.5
852,7,7.25,8.8,7.5,7.75,5.5,6.75,6.75,8.25
853,8.8,7.75,8,8.25,7.75,5.25,6,3.5,8.25
854,5,8,5.2,6.75,4,7,7.25,5.5,8
855,6.8,3.75,7.6,6,7.5,7.75,6.5,5,5
856,1.2,4.75,6.4,2.25,7.5,6.5,6.5,3,8.5
857,6.4,5.25,7.4,6,2.5,3.5,6.25,4.5,9.25
858,6.4,7.75,6.4,3.75,7.5,7.75,8.75,4,8.75
859,5.6,7.25,9,7,7.25,5,6.75,3.25,9
860,4.2,3.75,3,7,7.25,5.25,6.25,4.25,8.25
861,9.4,3.75,4.2,6,8.25,2.75,6.5,7,8
862,8.2,6,9.6,7.5,5.75,5.75,7.5,4.25,8
863,6.6,7.5,5.4,6.5,5.75,8.25,8.5,3.5,4.5
864,5,6.25,5.2,5.25,7.75,6,5.25,4.25,7.5
865,4.8,8,3.2,5.25,7.5,7,6.75,6,8.75
866,7.8,8.75,8.4,8,8.75,6,6.25,8.75,9.5
867,5.2,5.5,3.6,9,4,4.75,8.5,4.5,8
868,8,6.75,6.2,5.25,4,5.75,7.5,6,7.75
869,4.6,7,9.6,5,7.5,4.25,8.25,7.75,8.25
870,7.6,5.25,3.4,7.25,6,5.25,3,3.25,8.75
871,5.6,5.25,4.8,8.5,4.5,5.25,8.25,4.75,9
872,2.6,7.75,1.8,7.25,8.75,2.25,8,3.25,9.25
873,5.8,4.25,8,7.5,8,7.75,7.25,5.25,8.75
874,7.2,6,3,7.5,7.75,4.5,8.5,3.25,8.75
875,8.8,7.5,3.6,7.5,6.75,6.75,7.5,5,8.5
876,8.4,7.5,4.2,4.5,7.75,5.5,5.5,4.75,8
877,7,8.75,8.6,7.75,6.75,6.25,6.5,3,8.5
878,5.2,6.5,9.6,6.75,9,5.75,2.5,5.5,9.75
879,7.4,6.75,6.4,7,8,2.5,7,7,10
880,8.6,6,7.6,7,3.25,5.5,6,6.75,7.75
881,8,7,3.4,5.5,8,5,8,5.75,9.5
882,5.2,8,6.8,8,7,4,6.5,5,8.25
883,8,5.75,8.8,4.75,7,2.75,6,6.75,8.75
884,6,5,7.4,6.25,7.75,7,7.25,3.5,7.5
885,6.8,7,5.4,7.25,4,4.75,5,4.75,8.75
886,7,6.5,3.2,6.25,4,4.75,7.5,7.75,7
887,6,6,9.2,5.5,8,6,7.75,2.75,6.75
888,8.4,5,7.8,8,7.5,5.5,7.75,3.75,9.75
889,8,6,5.8,3.75,7.25,5.5,7.75,3.75,8.25
890,6.8,8,6,3.5,6.75,4.25,5.25,8,8.75
891,7.2,6.75,7.6,8.5,8.25,6.25,7.75,8.75,8.75
892,7.8,6.25,4,5,9,7.25,7.5,3.25,8
893,7.4,7.5,3.8,5.75,8.5,4.75,6,5,6.5
894,7,8.25,3.6,4.5,2.25,8.75,7.75,6,9
895,7.6,7.25,9.2,7.5,7.5,5.75,6,5,9.5
896,8.6,6,3.6,7.75,5.25,4,8.25,3.75,10
897,7.2,7.25,5.4,5.25,6,5,4,6.25,10
898,5.6,5,8.2,7.25,5.75,7.25,7.25,3.75,9.5
899,8.4,7.25,5.8,7,7.5,5,6,2.75,8
900,8.4,6.75,5.2,5.75,7,3.25,7.75,3.25,9
901,5.8,2.75,9.2,7,5,3.75,8.75,5.75,8
902,7.8,5,3.4,7.5,8,8.25,7.25,5.25,6.25
903,4.4,5,4.4,7,7.5,3,6.75,4,8
904,8.6,6.25,9.4,7,7,5.25,4.5,2.5,9.25
905,7.4,7.5,9,7.25,6,7.5,7.5,8.75,9.5
906,7.2,7.5,9.4,6,4.75,7.5,5,7.5,7.75
907,7.8,7.25,2.8,8,4.5,5.5,8.25,4,6.75
908,9.2,9,6.2,4.75,6.75,5.75,7.25,4,7.75
909,7.2,6,3.4,8,4.25,5,6,4.75,9.5
910,6.2,8.5,3.8,4.75,7,7.25,8,6.25,8.25
911,5.8,8.5,4.8,6,8.75,5.5,8.5,8.5,9
912,7.8,4.25,2.6,6.75,8,3,6.25,5,8
913,8.6,7,6.8,3.25,8.5,3.75,7,5.25,9
914,8.2,7.5,4.6,2.75,3.75,5.75,7,5.75,7
915,7.2,5.5,4.6,8.75,6,4.75,6.25,3.75,7.5
916,6.4,7.5,4,6.75,7.75,4.25,7.75,6.75,6.5
917,8.6,8.25,9.4,7,7.75,7.75,7.5,6.5,9.5
918,9.4,7,6.4,5.5,8.25,5.25,7.75,2.25,9.5
919,6.8,5,8,4.5,6.25,3.75,8.75,2.5,9.5
920,8.4,6.5,9.4,6.5,4,5.5,6.75,3.25,7.75
921,6.6,3,4.6,6.75,7.25,3.5,6.5,6.25,9.25
922,8.4,5.5,6,8.5,5.75,5.75,6.5,8,8.75
923,5.6,6.75,6.4,4,4.25,6,8.25,7,9.25
924,7.6,5.5,5.8,5.75,6.5,3.25,5,5.25,7.75
925,5.8,7.5,7.8,8,6.75,6.5,6.5,5.75,9.75
926,5.2,7.5,9.6,7.5,5,8.5,5.5,4,7.75
927,9,7.5,9,4.75,4.5,6,6.75,3,9.5
928,7.6,5.25,2.2,8.25,7.5,6.25,7.5,7.75,6.25
929,8.8,6.75,9,3,3.75,4.75,7.5,7,6
930,2.4,8.75,9.6,6,9,4.75,8.5,5.25,8
931,6,4.5,3.4,5.5,7,9,6,5,8.25
932,6.8,8.5,3,3.5,7.5,3,6.75,2.75,9
933,6.4,7,3.4,6.75,5,7,8.25,3.5,7.25
934,5,7.5,5.4,4.25,9.5,5.5,8,4.5,7.75
935,3.2,7.75,3.8,7.25,8.75,2,9,10,9.5
936,8.4,6,8.8,8.25,6.75,3.25,6.5,4,8.75
937,8.2,2.75,6.4,2.5,6,5.5,8,2.25,9.75
938,5.4,3.25,2.6,8,7.5,4,6.25,7,9
939,2.2,6.5,4.2,7.5,7.75,3.25,5.75,2.75,3.25
940,4.8,9.25,5.6,4.75,7.75,5.5,5.75,4.5,5.25
941,7.6,5.75,5,7.75,8,6,6,9,7
942,3.4,7,6.8,5.25,7,4.5,7,5.25,8.5
943,6.8,7,4.4,6,6,4.75,8.5,8,9
944,8.6,7.5,6.6,8.25,4.25,8,6.75,4.75,9.25
945,2.6,7.25,4.2,4,8.5,5,7.5,2.75,8.25
946,5.2,7.25,7,6,7.75,4.75,6.25,7,5.75
947,8.2,8.25,7.8,4.5,8.5,5.25,8.5,6.5,9.5
948,8,6.5,9.8,6.75,6.25,5.75,8.75,4.25,9.25
949,5,8.25,5.6,8.25,5,5,5.25,4.25,7.75
950,7.8,7.75,6.2,4.5,8,4.75,5.25,4.75,9.25
951,7.4,6.5,9.4,7.25,7.5,4.25,7.25,6,8.75
952,2.4,3.75,5.6,7.5,6.75,3.75,5.5,2.75,5.5
953,5.4,6.5,3.8,7.5,8.5,3.5,6.5,4.75,9.5
954,4.4,5.25,5.6,7.75,7.75,6.75,4.75,3.25,8.25
955,6,6.5,4.4,6.25,5.25,6.75,7.75,4,7.25
956,6.6,7.75,3.2,5.75,8.25,5,7,5.75,6.25
957,7,5,3.4,6.5,7.25,5.25,5.5,2.75,7.5
958,8,5.5,2.6,7.75,6.5,5.75,8.75,3.75,8
959,9,4,2,5.75,8,7,6.5,3.5,9
960,8.6,7.75,1.8,4.5,3.5,6.5,5.25,5.5,8.25
961,5.6,7.75,8.8,4.25,7.25,3.75,7.5,2.5,6.5
962,7.4,7.25,5.6,5.5,7.75,3.25,7,5,8.25
963,9.6,7,9.8,8.75,7,5.25,8,5.25,8.25
964,6.8,7,4.8,6,7.25,4.25,6.5,4.25,7.75
965,8.4,5.5,6,6.5,5.5,4.75,5.75,3.75,9.25
966,9,7,4.8,7.5,7.75,5.25,7.75,5.5,9.25
967,6,6.75,4.4,8,7,7,4.5,3.25,8.75
968,7,8.5,4,5.5,6.5,5,8,6.75,9
969,6.6,6.25,4.4,6.25,6.75,6.5,8,5.25,7.5
970,4,4,9.2,5.5,7.5,4.5,7,3.75,8.75
971,6.4,8.75,3.6,4,6,7.75,6,4,8.5
972,5.4,6,8.8,8,6.75,4.75,7.75,7.25,7
973,7,6.75,6.8,8.5,7.5,3.75,6.75,3.5,8.25
974,4.2,6.5,7.4,7,5,5.75,6.5,4.25,7.5
975,8.4,6.75,4.6,4.5,6.75,2.5,8.5,6,10
976,5.8,7.75,3.8,5.5,7.25,6.25,7.25,2.75,8.75
977,7.4,7.75,9.2,7.25,7.75,5.25,7,6,9.5
978,7.6,6,3,5,4.75,7.5,6.25,1.75,8.5
979,8.4,6.25,4.6,6.75,8,2.75,5.5,3.25,8.75
980,7.8,5.75,8.4,7,5.25,6.25,7.25,5.25,7.25
981,9.2,5.75,9.4,7.25,5.75,6,6.5,6.25,9.5
982,8.6,8.25,6.2,6.25,7.5,3.75,6.5,4,9
983,4,4.5,4.6,8.75,9,5,5,6.75,8.5
984,3.6,7.25,8.6,6.5,8.5,4.75,7.75,4.5,9.5
985,6.2,7,8.8,7.75,4.5,5,5.75,5,9
986,6.8,8.25,4.6,8.75,7.5,5.75,7.25,4.25,8.75
987,5.6,6.5,5,5.75,9,6.75,6.75,4.75,6.75
988,4.2,7.25,6.6,5.75,5.5,3.25,7.75,4.25,6.5
989,5.4,4.5,5.8,7.25,7.75,5.25,6.5,3.75,7.5
990,4.2,5.5,6.8,8.75,5.5,4,5.25,4.75,8.25
991,7,7.25,6.4,7.25,5.25,7,5.5,5,7.5
992,7.2,6.5,5.6,6,6.75,4.25,8,6.25,9.25
993,8.4,6.75,3.8,5.75,7,4,6.75,3.5,10
994,5,6.75,8.8,7.25,5.5,4.5,5.75,3.5,8.75
995,7.4,6.25,9.6,5,5,5.5,5,4.25,9.5
996,3.8,8,9,7.75,6,4,7.75,3.25,8.25
997,7.4,7.25,4,5.25,8.25,5.75,6,6.75,8.5
998,3.8,7,3,6.75,7,6.25,8,4.25,9
999,5,5,5.4,3.25,7.25,5,8.5,5.75,7.25
1000,4.2,5,3.6,7.75,5.75,5.5,8.75,5.75,9.25
