,ID,CityCode,CityArea,Math,Literature,English,Physics,Chemistry,Biology,Geography,History,Civic Education,A,B,C,A1,D1,A-BK,A1-BK,Highest_combi,year
45926,1045927,1,1,8,7.25,5.2,,,,6,3.25,7.25,,,16.5,,20.45,,,D1,2021
492679,27002906,27,1,6.2,7.25,7.6,,,,7.25,5,9.5,,,19.5,,21.05,,,D1,2021
220067,4005941,4,3,4.2,5.25,4.2,,,,6.25,3.5,7,,,15,,13.65,,,C,2021
44651,1044652,1,1,2.2,8.5,9.6,,,,8.75,9.25,8.75,,,26.5,,20.3,,,C,2021
578003,30002426,30,3,5.4,7.75,5.6,,,,6.25,4.5,9,,,18.5,,18.75,,,D1,2021
686957,38007609,38,4,6.4,6.25,3.4,,,,9.5,7.75,9.25,,,23.5,,16.05,,,C,2021
380182,19006554,19,1,7.4,7.75,6.8,,,,8,7.75,9.25,,,23.5,,21.95,,,C,2021
298252,14003786,14,2,5.2,7.5,5.6,,,,6.75,3.5,9.5,,,17.75,,18.3,,,D1,2021
468302,26001475,26,1,3.2,3,3.8,,,,6,4.5,8,,,13.5,,10,,,C,2021
987951,60003996,60,6,6,6,5.6,,,,6.25,5.25,8.5,,,17.5,,17.6,,,D1,2021
393676,21003660,21,1,8,8.25,7.2,,,,8,6.5,9.25,,,22.75,,23.45,,,D1,2021
1019468,64005205,64,6,6.6,6.75,5.6,,,,7.25,4.25,9.25,,,18.25,,18.95,,,D1,2021
613090,32008217,32,3,3.4,3,2.6,,,,4.75,4.75,6.25,,,12.5,,9,,,C,2021
716219,40011999,40,4,5.6,4,3.6,,,,8,5.5,9.25,,,17.5,,13.2,,,C,2021
436811,24000638,24,1,8.4,8.5,8.2,,,,7.25,5.75,8.75,,,21.5,,25.1,,,D1,2021
832011,48027059,48,5,6.6,4.5,4.4,,,,4.5,3.25,9,,,12.25,,15.5,,,D1,2021
432100,23005468,23,2,8.6,8,9.8,,,,8,7,9.25,,,23,,26.4,,,D1,2021
417047,22004684,22,1,7.8,6.25,6.8,,,,7.25,4.75,7.25,,,18.25,,20.85,,,D1,2021
206444,3015882,3,1,6.6,7.75,6.6,,,,9,6.75,9.75,,,23.5,,20.95,,,C,2021
540035,28039185,28,3,6.8,8.75,6.6,,,,6.5,2.25,8,,,17.5,,22.15,,,D1,2021
653238,35009714,35,3,6.2,7.75,4,,,,6.25,2.75,6.5,,,16.75,,17.95,,,D1,2021
105389,2004102,2,5,8,9,9,,,,8.25,7.25,9.75,,,24.5,,26,,,D1,2021
429683,23003051,23,2,4,5.5,3,,,,5,2.75,5.75,,,13.25,,12.5,,,C,2021
439449,24003276,24,1,8.4,8,5.6,,,,8.25,9.25,9.25,,,25.5,,22,,,C,2021
598588,31005671,31,3,3.6,6.5,3.4,,,,6.75,5.75,8.25,,,19,,13.5,,,C,2021
642291,34015543,34,3,5.4,5.5,4.8,,,,5.75,3.25,6.75,,,14.5,,15.7,,,D1,2021
401953,21011937,21,1,5.2,7.5,3.6,,,,7,7.75,8,,,22.25,,16.3,,,C,2021
953501,56012728,56,6,6.6,5.5,7.2,,,,7.25,3,9,,,15.75,,19.3,,,D1,2021
1003267,62002018,62,2,6,8,4.2,,,,6.5,3.75,8.75,,,18.25,,18.2,,,C,2021
674262,37012940,37,3,7.6,7.25,6,,,,8,7,9.25,,,22.25,,20.85,,,C,2021
278280,12008897,12,2,7.8,6,6.6,,,,9,6.75,9.5,,,21.75,,20.4,,,C,2021
670590,37009268,37,3,6.2,4.25,3,,,,6.5,3,7,,,13.75,,13.45,,,C,2021
431906,23005274,23,2,5.8,5.5,2.4,,,,7.5,5.5,7.25,,,18.5,,13.7,,,C,2021
920733,54005911,54,6,5.2,7,4.4,,,,8.25,7.5,9.5,,,22.75,,16.6,,,C,2021
4564,1004565,1,1,7.4,9,7.2,,,,8.5,7,8.75,,,24.5,,23.6,,,C,2021
221701,4007575,4,3,8.4,7.25,9.6,,,,7.25,4,9,,,18.5,,25.25,,,D1,2021
905546,53007147,53,6,5.8,8.5,4.6,,,,7.25,4.25,8.75,,,20,,18.9,,,C,2021
179446,2078159,2,5,7,8,9.6,,,,6.25,6.25,9.5,,,20.5,,24.6,,,D1,2021
953971,56013198,56,6,6.2,5.5,2.8,,,,6,3.5,7.75,,,15,,14.5,,,C,2021
915493,54000671,54,6,7,6.5,5,,,,7.25,5.75,8.75,,,19.5,,18.5,,,C,2021
49378,1049379,1,1,8,6.75,3.6,,,,7.75,6.5,8.75,,,21,,18.35,,,C,2021
818601,48013649,48,5,5.6,6.25,5.6,,,,6,3.5,7,,,15.75,,17.45,,,D1,2021
291454,13005098,13,2,3.6,6.5,3.4,,,,7.25,4.25,8,,,18,,13.5,,,C,2021
18872,1018873,1,1,7,8.5,8.4,,,,5.75,3.5,8.75,,,17.75,,23.9,,,D1,2021
726628,41002550,41,3,7.6,5.25,6.4,,,,8.25,8.25,9.25,,,21.75,,19.25,,,C,2021
537797,28036947,28,3,4.4,8,6.6,,,,5.25,5.25,6.75,,,18.5,,19,,,D1,2021
752163,42013447,42,4,7.4,9,8,,,,9,8.75,9.5,,,26.75,,24.4,,,C,2021
715403,40011183,40,4,3.6,7,3.2,,,,7,4.75,8,,,18.75,,13.8,,,C,2021
777156,44013599,44,5,5.2,7,2.2,,,,6.25,4,9,,,17.25,,14.4,,,C,2021
683547,38004199,38,4,6.6,7,4,,,,9.75,8.25,10,,,25,,17.6,,,C,2021
145679,2044392,2,5,8,7.5,8,,,,8,4.5,9.75,,,20,,23.5,,,D1,2021
63919,1063920,1,1,7.6,7,7.8,,,,6.25,5,7,,,18.25,,22.4,,,D1,2021
307421,15001527,15,2,8.2,6.75,4,,,,7.75,6,9.25,,,20.5,,18.95,,,C,2021
8423,1008424,1,1,7.6,9,8.8,,,,7.5,5.5,8,,,22,,25.4,,,D1,2021
299649,14005183,14,2,6,6.75,4.2,,,,7.75,6.75,9.75,,,21.25,,16.95,,,C,2021
384813,19011185,19,1,6.8,3.5,3.4,,,,6.75,4.5,9,,,14.75,,13.7,,,C,2021
6781,1006782,1,1,7.4,7.5,4.2,,,,6,4.5,7,,,18,,19.1,,,D1,2021
228861,5002019,5,2,4.8,7.25,6.6,,,,7.5,7.25,8.75,,,22,,18.65,,,C,2021
510881,28010031,28,3,5.6,7.75,7,,,,6,3.5,6.75,,,17.25,,20.35,,,D1,2021
408083,21018067,21,1,8.4,8,9,,,,8.75,6.5,9.5,,,23.25,,25.4,,,D1,2021
222247,4008121,4,3,8.8,5.75,8.8,,,,8,5,9,,,18.75,,23.35,,,D1,2021
77875,1077876,1,1,8,7,3.2,,,,7.75,7.25,8.75,,,22,,18.2,,,C,2021
588742,30013165,30,3,5.4,5.5,3.2,,,,5.25,4.25,7,,,15,,14.1,,,C,2021
591890,30016313,30,3,8,8.5,5.4,,,,8,5.5,9.5,,,22,,21.9,,,C,2021
349129,17012971,17,1,8,9.5,8,,,,6.5,4.75,8.75,,,20.75,,25.5,,,D1,2021
888322,52003118,52,5,6.6,7,5.2,,,,5,3.75,7,,,15.75,,18.8,,,D1,2021
300853,14006387,14,2,5.8,7.25,3.8,,,,6.75,3.5,9,,,17.5,,16.85,,,C,2021
367262,18014647,18,2,8,7.75,8.2,,,,7.75,6,9,,,21.5,,23.95,,,D1,2021
68644,1068645,1,1,7.4,6.5,6.4,,,,6.75,4.75,9,,,18,,20.3,,,D1,2021
302909,14008443,14,2,3.6,6.75,2.8,,,,6,4,7.25,,,16.75,,13.15,,,C,2021
469680,26002853,26,1,7.6,8.5,8.6,,,,7.75,5.25,9.5,,,21.5,,24.7,,,D1,2021
400276,21010260,21,1,6.4,6.75,4,,,,7.5,6.25,9.25,,,20.5,,17.15,,,C,2021
987683,60003728,60,6,5.2,7,4.2,,,,8,7.75,9.75,,,22.75,,16.4,,,C,2021
298850,14004384,14,2,4,5.75,3.6,,,,5,4,7.5,,,14.75,,13.35,,,C,2021
639757,34013009,34,3,7.4,6.75,4.6,,,,8,5,7.5,,,19.75,,18.75,,,C,2021
591567,30015990,30,3,5.4,6.25,4.4,,,,4.75,3.5,7,,,14.5,,16.05,,,D1,2021
5369,1005370,1,1,5.4,7.25,8,,,,6,3.5,6.25,,,16.75,,20.65,,,D1,2021
666823,37005501,37,3,7,7.5,7.2,,,,7.75,4.75,9.75,,,20,,21.7,,,D1,2021
23373,1023374,1,1,7.2,8,7.4,,,,7.25,8,8.75,,,23.25,,22.6,,,C,2021
750168,42011452,42,4,6.4,8.25,5.6,,,,6.5,3.75,7.25,,,18.5,,20.25,,,D1,2021
639948,34013200,34,3,3.6,6,3.4,,,,6.5,5.5,7,,,18,,13,,,C,2021
37423,1037424,1,1,8.2,7.5,2.4,,,,8.5,6.5,7.25,,,22.5,,18.1,,,C,2021
752085,42013369,42,4,5.2,5.25,4.4,,,,7.75,4.75,8.75,,,17.75,,14.85,,,C,2021
279824,12010441,12,2,7.8,7.25,6.2,,,,6.25,6.25,9.25,,,19.75,,21.25,,,D1,2021
326177,16004068,16,1,7,7.75,5.4,,,,8.25,7.75,9.25,,,23.75,,20.15,,,C,2021
1006178,62004929,62,2,4.8,6,3.8,,,,3.5,3.5,6.5,,,13,,14.6,,,D1,2021
744806,42006090,42,4,6.8,6.75,8.6,,,,8,7.25,8.25,,,22,,22.15,,,D1,2021
985703,60001748,60,6,7,7.75,7,,,,9,9,9.5,,,25.75,,21.75,,,C,2021
428171,23001539,23,2,2.6,3.25,2.4,,,,4.75,2.5,6,,,10.5,,8.25,,,C,2021
130439,2029152,2,5,7.2,6.75,3,,,,6.75,5,8.5,,,18.5,,16.95,,,C,2021
182966,2081679,2,5,6.8,6.75,4.4,,,,7.75,5.25,9,,,19.75,,17.95,,,C,2021
31212,1031213,1,1,6.2,6.25,8,,,,7.5,5.25,6.75,,,19,,20.45,,,D1,2021
807509,48002557,48,5,6.6,7.5,5.4,,,,8.25,6.5,9.5,,,22.25,,19.5,,,C,2021
392877,21002861,21,1,7.4,7.5,8.4,,,,6.75,4.5,8.25,,,18.75,,23.3,,,D1,2021
899026,53000627,53,6,7.6,5.75,5.4,,,,8.5,4.75,7.5,,,19,,18.75,,,C,2021
338858,17002700,17,1,4,3.75,2.6,,,,6.75,4.25,6.75,,,14.75,,10.35,,,C,2021
811576,48006624,48,5,7.4,6.75,7.6,,,,7.25,4.75,8.25,,,18.75,,21.75,,,D1,2021
593947,31001030,31,3,2.8,4,3,,,,5,2.75,5.75,,,11.75,,9.8,,,C,2021
321040,15015146,15,2,7.2,8,3.8,,,,8.25,7,9.5,,,23.25,,19,,,C,2021
339487,17003329,17,1,4.8,3.5,5.8,,,,5.25,3.5,6.25,,,12.25,,14.1,,,D1,2021
662871,37001549,37,3,7.6,8.25,9,,,,7.25,5,8.25,,,20.5,,24.85,,,D1,2021
337566,17001408,17,1,3,3,2.8,,,,5.25,3,9.25,,,11.25,,8.8,,,C,2021
756316,43003252,43,5,6.2,6.5,4.4,,,,7,3.75,8,,,17.25,,17.1,,,C,2021
218881,4004755,4,3,6,3.5,5.8,,,,8,4.25,8.5,,,15.75,,15.3,,,C,2021
370469,18017854,18,2,6,7.25,5.2,,,,7.25,2.25,9,,,16.75,,18.45,,,D1,2021
408759,21018743,21,1,7,6.75,4.6,,,,8,4.25,8.5,,,19,,18.35,,,C,2021
315739,15009845,15,2,8.2,7,8.4,,,,7.25,6.25,7.75,,,20.5,,23.6,,,D1,2021
638800,34012052,34,3,5.6,6.75,2.4,,,,8,4,8.5,,,18.75,,14.75,,,C,2021
591788,30016211,30,3,7,8.75,5,,,,7.5,5,9.5,,,21.25,,20.75,,,C,2021
665849,37004527,37,3,7.2,6,4.4,,,,6.5,3.75,8,,,16.25,,17.6,,,D1,2021
946003,56005230,56,6,6.4,6.75,3.4,,,,7.25,6.5,9.25,,,20.5,,16.55,,,C,2021
859729,50006778,50,6,8.4,8,5.4,,,,7.25,3.75,9,,,19,,21.8,,,D1,2021
563036,29021939,29,3,5.2,5.5,2.4,,,,6,5,7.5,,,16.5,,13.1,,,C,2021
583293,30007716,30,3,5.4,6.5,1.8,,,,7.5,6,8.75,,,20,,13.7,,,C,2021
683001,38003653,38,4,6.2,5,3.8,,,,6.5,5,9,,,16.5,,15,,,C,2021
648268,35004744,35,3,6.8,7.25,5,,,,7.25,2.5,6.25,,,17,,19.05,,,D1,2021
618927,33005524,33,3,8,8.25,7,,,,7.75,4,7.5,,,20,,23.25,,,D1,2021
232164,5005322,5,2,4.2,4,3,,,,6.75,2.5,8.25,,,13.25,,11.2,,,C,2021
675171,37013849,37,3,7.4,4.75,6.2,,,,7,3.5,8,,,15.25,,18.35,,,D1,2021
584733,30009156,30,3,5,7,2.8,,,,7.75,4.5,9.75,,,19.25,,14.8,,,C,2021
645541,35002017,35,3,8,6.5,6.4,,,,7.25,5.75,8.25,,,19.5,,20.9,,,D1,2021
664363,37003041,37,3,7,6,6,,,,6.5,2.5,8,,,15,,19,,,D1,2021
686527,38007179,38,4,5.6,6.25,4.2,,,,8.5,8.25,9.5,,,23,,16.05,,,C,2021
242991,8002180,8,2,5.2,4.5,3.4,,,,7.25,4,8.5,,,15.75,,13.1,,,C,2021
418145,22005782,22,1,7.8,7.25,4.6,,,,7,4,7.5,,,18.25,,19.65,,,D1,2021
246662,8005851,8,2,7.4,8,5,,,,7.5,6.75,9.75,,,22.25,,20.4,,,C,2021
509426,28008576,28,3,5.6,6.5,3.2,,,,7.25,4.75,7.75,,,18.5,,15.3,,,C,2021
750454,42011738,42,4,7.2,7.5,8.4,,,,8.25,5.25,10,,,21,,23.1,,,D1,2021
993172,61002866,61,6,6,6,6.4,,,,6.75,5.25,9.75,,,18,,18.4,,,D1,2021
1003472,62002223,62,2,3.4,3.25,2.4,,,,4.75,3,5.75,,,11,,9.05,,,C,2021
637919,34011171,34,3,6.4,6,4.6,,,,7,2.5,8.5,,,15.5,,17,,,D1,2021
767929,44004372,44,5,4,5.5,7,,,,7.5,3.25,8.5,,,16.25,,16.5,,,D1,2021
144118,2042831,2,5,7.4,8,6.4,,,,8.5,8.75,7.5,,,25.25,,21.8,,,C,2021
318299,15012405,15,2,4.8,6.25,3.2,,,,6.75,6.75,9.75,,,19.75,,14.25,,,C,2021
958512,57004525,57,6,6.6,7,6.4,,,,7.25,4.5,9.5,,,18.75,,20,,,D1,2021
1007336,62006087,62,2,4.2,5,4,,,,6,3.5,6.75,,,14.5,,13.2,,,C,2021
767910,44004353,44,5,8.2,6.75,8.6,,,,7.5,7,7.75,,,21.25,,23.55,,,D1,2021
326517,16004408,16,1,6,6.25,4.6,,,,9,9,9.75,,,24.25,,16.85,,,C,2021
691101,38011753,38,4,4.6,5.25,3.2,,,,4.5,3.5,6.75,,,13.25,,13.05,,,C,2021
127793,2026506,2,5,8.6,7.5,9.2,,,,8.75,6.75,9.25,,,23,,25.3,,,D1,2021
601168,31008251,31,3,6.4,4,5.8,,,,7,6.25,8.75,,,17.25,,16.2,,,C,2021
335941,16013832,16,1,6.4,6.5,3.2,,,,8.25,7.5,9.25,,,22.25,,16.1,,,C,2021
583153,30007576,30,3,8,6.75,6.4,,,,6.5,3.25,9.25,,,16.5,,21.15,,,D1,2021
270477,12001094,12,2,6.4,8,7.4,,,,8,4.5,9,,,20.5,,21.8,,,D1,2021
446879,25001012,25,1,7.8,7,7.6,,,,7.25,5,9.5,,,19.25,,22.4,,,D1,2021
668194,37006872,37,3,8,5.75,4.8,,,,7.25,4.5,7.75,,,17.5,,18.55,,,D1,2021
942980,56002207,56,6,7.6,7,6.2,,,,8.5,4.5,9.25,,,20,,20.8,,,D1,2021
669558,37008236,37,3,8.2,7.5,5.2,,,,7.75,2.75,9.75,,,18,,20.9,,,D1,2021
524155,28023305,28,3,3.2,6,3,,,,5.5,5.5,5.75,,,17,,12.2,,,C,2021
240229,7002993,7,2,6.2,6.25,5.2,,,,7,5,8.5,,,18.25,,17.65,,,C,2021
691001,38011653,38,4,4,6,3.6,,,,7.25,5.5,9,,,18.75,,13.6,,,C,2021
526732,28025882,28,3,4.2,8.5,4.8,,,,6.75,4.25,7,,,19.5,,17.5,,,C,2021
300318,14005852,14,2,7.2,6.5,5.2,,,,7.5,5.5,9,,,19.5,,18.9,,,C,2021
202339,3011777,3,1,9.2,8,9.2,,,,8.75,8,9.75,,,24.75,,26.4,,,D1,2021
318859,15012965,15,2,8.2,8.75,7.2,,,,9.5,9.5,10,,,27.75,,24.15,,,C,2021
964251,57010264,57,6,6.8,6.5,6.2,,,,6,3.75,8.5,,,16.25,,19.5,,,D1,2021
494916,27005143,27,1,8,7.5,5.2,,,,7.75,7,9.25,,,22.25,,20.7,,,C,2021
255709,9007536,9,2,4.8,7.5,8,,,,7.25,5.75,9.75,,,20.5,,20.3,,,C,2021
271893,12002510,12,2,6.6,7.5,3.6,,,,7,4.75,9.25,,,19.25,,17.7,,,C,2021
747769,42009053,42,4,6.6,5.5,9.4,,,,7,6.5,9.5,,,19,,21.5,,,D1,2021
781308,45004140,45,3,4.6,5.75,5,,,,7.75,6.5,8.5,,,20,,15.35,,,C,2021
481122,26014295,26,1,7.4,6,3.6,,,,7.75,8.25,8.75,,,22,,17,,,C,2021
453815,25007948,25,1,5,6.75,4.6,,,,6,4.5,7.75,,,17.25,,16.35,,,C,2021
696670,39003298,39,3,6.2,5.75,3,,,,8,5.25,7.5,,,19,,14.95,,,C,2021
562706,29021609,29,3,4.2,5.75,2.8,,,,6,5.5,6,,,17.25,,12.75,,,C,2021
902029,53003630,53,6,7.6,8,7.8,,,,6.5,2.5,7.25,,,17,,23.4,,,D1,2021
830627,48025675,48,5,7.8,7.25,6.4,,,,7,3,7.75,,,17.25,,21.45,,,D1,2021
839952,49003508,49,6,5.6,7.5,8.8,,,,7.5,5,6.5,,,20,,21.9,,,D1,2021
321126,15015232,15,2,5.6,6.5,3.4,,,,6,3.5,8.25,,,16,,15.5,,,C,2021
915281,54000459,54,6,5.4,4.5,4.2,,,,6.75,3.5,8.75,,,14.75,,14.1,,,C,2021
196281,3005719,3,1,5.2,5,3.2,,,,7,5.75,9.5,,,17.75,,13.4,,,C,2021
288907,13002551,13,2,3.8,4.25,3.4,,,,5.5,3,6.25,,,12.75,,11.45,,,C,2021
837212,49000768,49,6,7.8,7.25,5.6,,,,9.25,9.25,10,,,25.75,,20.65,,,C,2021
37763,1037764,1,1,8.2,8.25,9.6,,,,7.5,6.25,7.5,,,22,,26.05,,,D1,2021
25655,1025656,1,1,7,5,9.4,,,,5,2.75,7,,,12.75,,21.4,,,D1,2021
526579,28025729,28,3,7.2,7.5,5.4,,,,8.5,3,9.5,,,19,,20.1,,,D1,2021
699277,39005905,39,3,7.6,6.25,4.6,,,,5.5,2.5,8,,,14.25,,18.45,,,D1,2021
67918,1067919,1,1,6.6,8,8.6,,,,7,4.75,9,,,19.75,,23.2,,,D1,2021
408910,21018894,21,1,6.2,7,3.2,,,,5.5,4,9,,,16.5,,16.4,,,C,2021
885130,51016972,51,6,3,3.75,2.6,,,,6.5,4,6.75,,,14.25,,9.35,,,C,2021
446351,25000484,25,1,8.6,9,10,,,,9.25,8,10,,,26.25,,27.6,,,D1,2021
274142,12004759,12,2,5.6,6.25,4.6,,,,6,2.5,9.25,,,14.75,,16.45,,,D1,2021
353184,18000569,18,2,4,6.25,3.4,,,,5.75,4,8.25,,,16,,13.65,,,C,2021
74779,1074780,1,1,2,3.5,3,,,,5,3.25,5.5,,,11.75,,8.5,,,C,2021
286912,13000556,13,2,7.6,7.5,8.8,,,,5.25,4.25,7.5,,,17,,23.9,,,D1,2021
985665,60001710,60,6,5.2,8,4.8,,,,6.75,5.25,6.75,,,20,,18,,,C,2021
460348,25014481,25,1,8.8,8.75,9.4,,,,7.25,5.25,9.5,,,21.25,,26.95,,,D1,2021
885584,52000380,52,5,8,7.25,7,,,,9.25,6.75,10,,,23.25,,22.25,,,C,2021
644752,35001228,35,3,5.6,5.75,4.2,,,,4.75,4.75,6,,,15.25,,15.55,,,D1,2021
801568,47008705,47,3,5,7,3.6,,,,9.5,10,8.5,,,26.5,,15.6,,,C,2021
648041,35004517,35,3,3.2,4.75,2.8,,,,7,4,7.5,,,15.75,,10.75,,,C,2021
95465,1095466,1,1,7,6.25,3.8,,,,6.75,2.5,8.75,,,15.5,,17.05,,,D1,2021
500368,27010595,27,1,7.4,7,6,,,,6,5.75,8.5,,,18.75,,20.4,,,D1,2021
976213,59001898,59,6,5.2,7,6.6,,,,8,6.75,9,,,21.75,,18.8,,,C,2021
503931,28003081,28,3,5.6,6.5,4.8,,,,6.25,5.25,9.25,,,18,,16.9,,,C,2021
327525,16005416,16,1,8.2,8.5,9,,,,8.25,8,9.5,,,24.75,,25.7,,,D1,2021
510450,28009600,28,3,5.8,4,2.4,,,,5.25,2.75,8.25,,,12,,12.2,,,D1,2021
971326,58005833,58,6,1.4,4,2.8,,,,5,3.5,7.75,,,12.5,,8.2,,,C,2021
408834,21018818,21,1,2.6,4.75,3.6,,,,5.25,3,7.25,,,13,,10.95,,,C,2021
491213,27001440,27,1,8,6.5,4.8,,,,8.25,4.5,9.75,,,19.25,,19.3,,,D1,2021
49547,1049548,1,1,7.6,6.5,4.6,,,,7.75,4.5,9,,,18.75,,18.7,,,C,2021
822532,48017580,48,5,8.2,6,5,,,,7,5.75,8.25,,,18.75,,19.2,,,D1,2021
71681,1071682,1,1,6.4,5.75,4.2,,,,6,4,9,,,15.75,,16.35,,,D1,2021
643457,34016709,34,3,5.2,5.75,4.6,,,,5,6.25,6.75,,,17,,15.55,,,C,2021
564532,29023435,29,3,6,7.5,2.2,,,,7.75,2.5,6.5,,,17.75,,15.7,,,C,2021
971313,58005820,58,6,5,4,2.4,,,,5.5,5,9,,,14.5,,11.4,,,C,2021
293166,13006810,13,2,7.2,7,5.8,,,,7.5,7.25,9.25,,,21.75,,20,,,C,2021
95854,1095855,1,1,2.6,4.5,3,,,,5,1.25,4.75,,,10.75,,10.1,,,C,2021
102451,2001164,2,5,8,7.5,9.2,,,,8.75,5,8.75,,,21.25,,24.7,,,D1,2021
610477,32005604,32,3,4.6,3.75,2,,,,7.75,3.25,8.5,,,14.75,,10.35,,,C,2021
543366,29002269,29,3,8,8.75,6.8,,,,7,6.25,7.75,,,22,,23.55,,,D1,2021
827645,48022693,48,5,5,6.75,4,,,,8.25,3.75,9.5,,,18.75,,15.75,,,C,2021
576141,30000564,30,3,6.4,6.5,5.2,,,,8,7.5,9.5,,,22,,18.1,,,C,2021
974219,58008726,58,6,4.2,6.25,3.2,,,,6.75,3.25,7.75,,,16.25,,13.65,,,C,2021
187532,2086245,2,5,7.2,7.25,7.8,,,,7,7,9.5,,,21.25,,22.25,,,D1,2021
666889,37005567,37,3,7.6,7.25,8,,,,8,3.5,9.25,,,18.75,,22.85,,,D1,2021
1018779,64004516,64,6,4.4,3.25,2.6,,,,6.75,4.5,8.75,,,14.5,,10.25,,,C,2021
219029,4004903,4,3,7,7.75,6.8,,,,5.75,3.5,7.75,,,17,,21.55,,,D1,2021
639937,34013189,34,3,5.2,4,2.8,,,,6.25,5,8,,,15.25,,12,,,C,2021
574898,29033801,29,3,5,8,3,,,,8.25,8.75,8.5,,,25,,16,,,C,2021
756511,43003447,43,5,4.6,5.5,5,,,,7.25,4.5,8.5,,,17.25,,15.1,,,C,2021
32099,1032100,1,1,7.8,8.5,6.4,,,,7.25,3,9,,,18.75,,22.7,,,D1,2021
1002048,62000799,62,2,5.6,8.75,3.6,,,,8.25,8,8.25,,,25,,17.95,,,C,2021
400489,21010473,21,1,6,6.25,6.2,,,,5.5,2,8.25,,,13.75,,18.45,,,D1,2021
564779,29023682,29,3,7.2,8,2.4,,,,6.5,4.75,8.25,,,19.25,,17.6,,,C,2021
931886,55003273,55,6,7,5.25,7.4,,,,7.5,7.5,10,,,20.25,,19.65,,,C,2021
998020,61007714,61,6,7.2,8.5,3.2,,,,8.75,5,10,,,22.25,,18.9,,,C,2021
845724,49009280,49,6,5,7.25,4,,,,6.75,4.5,8,,,18.5,,16.25,,,C,2021
609677,32004804,32,3,3.8,7.5,6.6,,,,4.75,4.25,6.5,,,16.5,,17.9,,,D1,2021
49657,1049658,1,1,4.4,2.25,2.8,,,,5.25,2,8.25,,,9.5,,9.45,,,C,2021
234551,6002083,6,2,6.8,8.25,5,,,,9,6.75,7.75,,,24,,20.05,,,C,2021
604764,31011847,31,3,6.4,7,8.4,,,,6.25,6,8.25,,,19.25,,21.8,,,D1,2021
7209,1007210,1,1,7.2,8.5,8,,,,6.75,3.25,8.75,,,18.5,,23.7,,,D1,2021
506891,28006041,28,3,8.2,8.25,9.4,,,,6.5,2.5,6.75,,,17.25,,25.85,,,D1,2021
14893,1014894,1,1,7.6,8,9.4,,,,8.5,8.75,9.25,,,25.25,,25,,,C,2021
806644,48001692,48,5,6.8,7.5,7.2,,,,7.75,8,9.25,,,23.25,,21.5,,,C,2021
656517,35012993,35,3,7.2,8,3.8,,,,8.25,5,7.5,,,21.25,,19,,,C,2021
385052,19011424,19,1,4,6.75,3.6,,,,4.75,2.5,9.75,,,14,,14.35,,,D1,2021
441227,24005054,24,1,6.4,7.5,3.8,,,,8,6.5,9.75,,,22,,17.7,,,C,2021
970114,58004621,58,6,6,4,4.6,,,,6.25,2.75,7.75,,,13,,14.6,,,D1,2021
287445,13001089,13,2,8.2,7.5,7.4,,,,8.25,7.5,9.75,,,23.25,,23.1,,,C,2021
1019677,64005414,64,6,5.6,6.5,4.2,,,,8.25,5.75,9.25,,,20.5,,16.3,,,C,2021
589391,30013814,30,3,9,8.25,9,,,,7.75,5.5,8.25,,,21.5,,26.25,,,D1,2021
281518,12012135,12,2,6.4,5.75,9.6,,,,7,2.75,9,,,15.5,,21.75,,,D1,2021
785393,46002213,46,5,6.8,6.75,3.6,,,,7,5,8.75,,,18.75,,17.15,,,C,2021
536408,28035558,28,3,6.6,6.5,5,,,,6,3.25,7.5,,,15.75,,18.1,,,D1,2021
234842,6002374,6,2,3,5.25,2.4,,,,6,4.25,8.25,,,15.5,,10.65,,,C,2021
565611,29024514,29,3,5.8,8,5.4,,,,9,7.5,9.5,,,24.5,,19.2,,,C,2021
328701,16006592,16,1,5.4,7.75,6,,,,6.25,2.25,8.5,,,16.25,,19.15,,,D1,2021
517901,28017051,28,3,7.6,9.25,9.8,,,,6.75,6,9,,,22,,26.65,,,D1,2021
427140,23000508,23,2,5.8,8,8.2,,,,8.5,8.75,10,,,25.25,,22,,,C,2021
738533,41014455,41,3,7,8,8.8,,,,7.75,6,9.5,,,21.75,,23.8,,,D1,2021
924760,54009938,54,6,6,7,5.2,,,,7.75,6,9,,,20.75,,18.2,,,C,2021
341797,17005639,17,1,3,6.5,4.8,,,,7.25,4.5,7.75,,,18.25,,14.3,,,C,2021
838255,49001811,49,6,5.6,6.75,6,,,,7,5,9.75,,,18.75,,18.35,,,C,2021
931729,55003116,55,6,6.4,8,7.2,,,,7.75,6.75,9.25,,,22.5,,21.6,,,C,2021
289155,13002799,13,2,5.2,6,4.2,,,,7.5,2.75,7.5,,,16.25,,15.4,,,C,2021
858828,50005877,50,6,6.4,6.5,3.8,,,,7.25,3,9,,,16.75,,16.7,,,C,2021
142580,2041293,2,5,6.2,6.5,4.4,,,,7.5,4.25,9.5,,,18.25,,17.1,,,C,2021
465328,25019461,25,1,7.2,7.75,7.8,,,,8.5,7,10,,,23.25,,22.75,,,C,2021
140308,2039021,2,5,6.8,7.5,8,,,,6.25,6,9.75,,,19.75,,22.3,,,D1,2021
402871,21012855,21,1,4.6,4.75,8.2,,,,6.75,6.75,8.25,,,18.25,,17.55,,,C,2021
795235,47002372,47,3,8.4,8.5,9.6,,,,7.5,7.75,9.75,,,23.75,,26.5,,,D1,2021
246021,8005210,8,2,3.6,6.5,2.2,,,,7.25,5.25,8.25,,,19,,12.3,,,C,2021
838212,49001768,49,6,4.4,6,4.8,,,,7.25,6,9.25,,,19.25,,15.2,,,C,2021
418576,22006213,22,1,6.8,7.5,8.2,,,,8,6.75,9.5,,,22.25,,22.5,,,D1,2021
74944,1074945,1,1,5,5,2.6,,,,6.25,5,8.5,,,16.25,,12.6,,,C,2021
213412,3022850,3,1,7.4,8,9.4,,,,9,7.5,10,,,24.5,,24.8,,,D1,2021
426582,22014219,22,1,6.8,5.25,4.6,,,,7.5,4.25,9.5,,,17,,16.65,,,C,2021
725931,41001853,41,3,6.4,5.25,4.8,,,,7,6.5,8,,,18.75,,16.45,,,C,2021
95420,1095421,1,1,7.8,6.25,2.8,,,,5.25,6.75,8.25,,,18.25,,16.85,,,C,2021
340281,17004123,17,1,5.2,6.75,4.2,,,,8.25,5.75,7.25,,,20.75,,16.15,,,C,2021
1011608,63004046,63,4,4.6,3.5,4,,,,6,6.25,6,,,15.75,,12.1,,,C,2021
445233,24009060,24,1,6.2,4.5,7.2,,,,5.75,3,8.25,,,13.25,,17.9,,,D1,2021
480607,26013780,26,1,6.4,6.5,4,,,,7.5,5,9.5,,,19,,16.9,,,C,2021
970424,58004931,58,6,7.6,6.75,6.4,,,,6.5,4.5,9.25,,,17.75,,20.75,,,D1,2021
961078,57007091,57,6,6.8,6.5,7,,,,6,6.5,9,,,19,,20.3,,,D1,2021
497222,27007449,27,1,7.2,7.75,4.8,,,,8.5,6.5,9.75,,,22.75,,19.75,,,C,2021
593658,31000741,31,3,5,5.75,3.6,,,,7.25,1.5,8.5,,,14.5,,14.35,,,C,2021
1001016,61010710,61,6,6.2,7,4.2,,,,7.5,5,9,,,19.5,,17.4,,,C,2021
981914,59007599,59,6,7,7.5,3.8,,,,8,5,9.5,,,20.5,,18.3,,,C,2021
825233,48020281,48,5,6.8,8,2.6,,,,5.5,5.25,7.75,,,18.75,,17.4,,,C,2021
453919,25008052,25,1,5.8,8,4.4,,,,7,5.75,9.5,,,20.75,,18.2,,,C,2021
123713,2022426,2,5,7.2,7.25,6.2,,,,8.25,3,8.5,,,18.5,,20.65,,,D1,2021
549039,29007942,29,3,4,5.25,4,,,,6.5,5,7.25,,,16.75,,13.25,,,C,2021
81853,1081854,1,1,7.8,6.75,4.8,,,,7.25,4.75,6.25,,,18.75,,19.35,,,D1,2021
285966,12016583,12,2,3.2,3.5,3.4,,,,5.25,2.5,6,,,11.25,,10.1,,,C,2021
331679,16009570,16,1,7.2,5.75,7.4,,,,6.25,5.5,9.25,,,17.5,,20.35,,,D1,2021
431094,23004462,23,2,5,7.25,2.2,,,,7,8,8.25,,,22.25,,14.45,,,C,2021
776370,44012813,44,5,6.4,5.75,5.4,,,,8.5,8.25,8.25,,,22.5,,17.55,,,C,2021
240150,7002914,7,2,5.8,4,6.8,,,,7,3.25,8.5,,,14.25,,16.6,,,D1,2021
427251,23000619,23,2,6,5.75,5.8,,,,8,7.5,9.5,,,21.25,,17.55,,,C,2021
948375,56007602,56,6,6.6,5,2.8,,,,7,6.25,8,,,18.25,,14.4,,,C,2021
119581,2018294,2,5,7,6.75,6.8,,,,7.75,6.75,9.5,,,21.25,,20.55,,,C,2021
599648,31006731,31,3,6.4,5.75,6.2,,,,6.75,6,9.25,,,18.5,,18.35,,,C,2021
573530,29032433,29,3,3.2,3.75,3,,,,5.5,1.5,6.25,,,10.75,,9.95,,,C,2021
369637,18017022,18,2,6,6,4,,,,5,4.25,7,,,15.25,,16,,,D1,2021
237658,7000422,7,2,7.6,6.75,9.8,,,,8.5,5,9.75,,,20.25,,24.15,,,D1,2021
890483,52005279,52,5,5.2,4.75,3.6,,,,5.5,2.75,5,,,13,,13.55,,,D1,2021
847910,49011466,49,6,7.4,7.75,7.8,,,,8.5,8.75,9.5,,,25,,22.95,,,C,2021
98925,1098926,1,1,7,7,6.2,,,,7.75,6.75,8.25,,,21.5,,20.2,,,C,2021
167544,2066257,2,5,6,6,7.4,,,,5.5,4.5,8.25,,,16,,19.4,,,D1,2021
647561,35004037,35,3,6.8,7.5,5,,,,6.75,3.5,8.75,,,17.75,,19.3,,,D1,2021
380636,19007008,19,1,5.8,6.5,3.6,,,,6.5,5,9.5,,,18,,15.9,,,C,2021
794358,47001495,47,3,5.6,6.75,6.4,,,,6.5,3.5,7.5,,,16.75,,18.75,,,D1,2021
677490,37016168,37,3,7.6,6.5,5.6,,,,6.5,5.25,7.5,,,18.25,,19.7,,,D1,2021
368961,18016346,18,2,6,8,5,,,,7.75,5.25,8.5,,,21,,19,,,C,2021
551883,29010786,29,3,5.6,8.25,5.2,,,,7.75,7,9.5,,,23,,19.05,,,C,2021
348408,17012250,17,1,4,5.75,3.2,,,,6,4,8,,,15.75,,12.95,,,C,2021
842948,49006504,49,6,8,6.25,5,,,,8.75,7.25,9.75,,,22.25,,19.25,,,C,2021
75125,1075126,1,1,5,6.5,3.2,,,,5.5,3.5,6.25,,,15.5,,14.7,,,C,2021
546711,29005614,29,3,4.8,5.5,4.2,,,,6.75,6.75,6.75,,,19,,14.5,,,C,2021
848989,49012545,49,6,5.6,5.75,5.8,,,,6.25,3.75,9.75,,,15.75,,17.15,,,D1,2021
557627,29016530,29,3,3.6,7,3.4,,,,6.5,2.75,8,,,16.25,,14,,,C,2021
577727,30002150,30,3,6.6,9,7,,,,8.25,8.5,9,,,25.75,,22.6,,,C,2021
592972,31000055,31,3,7.4,6.5,6.6,,,,7.75,9,9.25,,,23.25,,20.5,,,C,2021
664943,37003621,37,3,7.8,6.25,6.6,,,,8.75,7.5,9.5,,,22.5,,20.65,,,C,2021
706580,40002360,40,4,6,4,3.2,,,,6.25,2.25,6.75,,,12.5,,13.2,,,D1,2021
122061,2020774,2,5,7.2,6.5,7.2,,,,6.75,4.5,7.25,,,17.75,,20.9,,,D1,2021
60236,1060237,1,1,7.8,8.75,8.8,,,,7.75,6.5,9,,,23,,25.35,,,D1,2021
944726,56003953,56,6,7,6.5,6,,,,6.75,4.25,9.5,,,17.5,,19.5,,,D1,2021
550440,29009343,29,3,5.2,8.5,5,,,,6.25,5,9.5,,,19.75,,18.7,,,C,2021
194856,3004294,3,1,6.2,6,8,,,,7,6,9.25,,,19,,20.2,,,D1,2021
136237,2034950,2,5,7.4,7.75,8.4,,,,7.75,6,9.5,,,21.5,,23.55,,,D1,2021
614869,33001466,33,3,7.6,8.25,8.4,,,,7.75,8.25,8.25,,,24.25,,24.25,,,D1,2021
983282,59008967,59,6,5.4,8.5,4,,,,6.25,4.5,8.5,,,19.25,,17.9,,,C,2021
597707,31004790,31,3,6.4,5.75,5,,,,8.25,7,8.25,,,21,,17.15,,,C,2021
411580,21021564,21,1,6.2,7.25,5,,,,8,5.75,8.75,,,21,,18.45,,,C,2021
328590,16006481,16,1,6.8,9,9,,,,7,3.5,7,,,19.5,,24.8,,,D1,2021
196937,3006375,3,1,7.8,7.5,5.4,,,,6.75,4.25,9,,,18.5,,20.7,,,D1,2021
256155,9007982,9,2,6,5,3,,,,6.25,5.5,8.75,,,16.75,,14,,,C,2021
668782,37007460,37,3,6.4,6.25,3.8,,,,7,4.25,9.25,,,17.5,,16.45,,,C,2021
829039,48024087,48,5,7,6.5,4.6,,,,7.25,4.75,9.5,,,18.5,,18.1,,,C,2021
860620,50007669,50,6,6.6,8.25,5.8,,,,6.25,3.5,8.25,,,18,,20.65,,,D1,2021
402174,21012158,21,1,8.8,7.75,10,,,,8,7,9.25,,,22.75,,26.55,,,D1,2021
949229,56008456,56,6,4.8,5.75,5,,,,6.25,3,6.25,,,15,,15.55,,,D1,2021
183015,2081728,2,5,7.4,6.5,7.6,,,,7.5,3.25,6.75,,,17.25,,21.5,,,D1,2021
478948,26012121,26,1,4.6,8,5.4,,,,7.25,3.75,7.75,,,19,,18,,,C,2021
423950,22011587,22,1,6.4,7.25,5.4,,,,7.75,7.25,8.75,,,22.25,,19.05,,,C,2021
248822,9000649,9,2,7.4,7.25,9,,,,8,5.25,7.75,,,20.5,,23.65,,,D1,2021
388862,19015234,19,1,5.2,7,4.4,,,,8.25,6.25,8.5,,,21.5,,16.6,,,C,2021
813306,48008354,48,5,4.4,5.75,4.6,,,,6.25,5.25,7.25,,,17.25,,14.75,,,C,2021
119475,2018188,2,5,6,7.5,5.6,,,,7.5,4,8.5,,,19,,19.1,,,D1,2021
528290,28027440,28,3,4.4,6.5,5.4,,,,6.75,7.75,9.5,,,21,,16.3,,,C,2021
16187,1016188,1,1,6,7.5,5.6,,,,6.75,3.5,7.5,,,17.75,,19.1,,,D1,2021
586888,30011311,30,3,7,7.5,6.4,,,,7.25,3,9,,,17.75,,20.9,,,D1,2021
1019350,64005087,64,6,6.2,7.25,5.2,,,,8.75,6.5,9.25,,,22.5,,18.65,,,C,2021
595751,31002834,31,3,7.6,5.75,3.6,,,,7,6.5,9.75,,,19.25,,16.95,,,C,2021
17476,1017477,1,1,7.4,8,9.4,,,,7.75,3.5,8.75,,,19.25,,24.8,,,D1,2021
150138,2048851,2,5,5.6,6.75,7.6,,,,6.25,5,7.75,,,18,,19.95,,,D1,2021
687346,38007998,38,4,5.8,5.5,5,,,,5.75,5,8.5,,,16.25,,16.3,,,D1,2021
75416,1075417,1,1,3.8,5.5,2.8,,,,5.75,5.75,9.75,,,17,,12.1,,,C,2021
586105,30010528,30,3,7.2,8.25,9.2,,,,5.5,4.5,7.75,,,18.25,,24.65,,,D1,2021
434977,23008345,23,2,7.2,6.75,4.2,,,,7.25,5.5,8,,,19.5,,18.15,,,C,2021
931391,55002778,55,6,6.6,6.25,5.6,,,,8.5,6.5,8.75,,,21.25,,18.45,,,C,2021
790613,46007433,46,5,5.2,7.25,4,,,,7.25,6.25,8,,,20.75,,16.45,,,C,2021
589079,30013502,30,3,8,8.75,6.2,,,,9.75,8.5,9.25,,,27,,22.95,,,C,2021
207000,3016438,3,1,5.8,7.25,5.2,,,,7.5,7.75,9.75,,,22.5,,18.25,,,C,2021
552714,29011617,29,3,8,7.25,3.6,,,,7,2.75,8.75,,,17,,18.85,,,D1,2021
278844,12009461,12,2,7.8,8.25,8.4,,,,8.25,7,9.75,,,23.5,,24.45,,,D1,2021
850932,49014488,49,6,6.8,7.75,5.6,,,,8.25,5,9.25,,,21,,20.15,,,C,2021
947419,56006646,56,6,7.6,5.75,4.6,,,,9,7.75,9.25,,,22.5,,17.95,,,C,2021
717270,40013050,40,4,4.4,5,2.6,,,,7.25,5,9.25,,,17.25,,12,,,C,2021
307218,15001324,15,2,5.8,5.5,4.6,,,,7.25,5.25,7.5,,,18,,15.9,,,C,2021
692621,38013273,38,4,4.4,2,2.2,,,,5,2,6.25,,,9,,8.6,,,C,2021
777604,45000436,45,3,5.4,6.5,5.2,,,,6.25,3.75,7,,,16.5,,17.1,,,D1,2021
503728,28002878,28,3,8.4,8.25,7.2,,,,7.5,3,9.25,,,18.75,,23.85,,,D1,2021
604188,31011271,31,3,6.2,7,6,,,,6,4,9.25,,,17,,19.2,,,D1,2021
621769,33008366,33,3,7,6.5,6.6,,,,6.25,4,6.25,,,16.75,,20.1,,,D1,2021
112545,2011258,2,5,5,6.5,3.8,,,,6.75,5.5,9.5,,,18.75,,15.3,,,C,2021
739057,42000341,42,4,7.6,7.25,6.6,,,,7,6.5,9.5,,,20.75,,21.45,,,D1,2021
623702,33010299,33,3,5.4,6,4,,,,8,4.75,8.75,,,18.75,,15.4,,,C,2021
378549,19004921,19,1,4.2,3.25,3.4,,,,5.5,4.5,6.5,,,13.25,,10.85,,,C,2021
529397,28028547,28,3,3.6,8.75,3.2,,,,7.25,3.5,9,,,19.5,,15.55,,,C,2021
212729,3022167,3,1,5.6,7,4.2,,,,8.25,7,9.75,,,22.25,,16.8,,,C,2021
539259,28038409,28,3,6.2,8,7.4,,,,6.5,5,9.25,,,19.5,,21.6,,,D1,2021
568860,29027763,29,3,5.6,6.5,2.2,,,,8.5,7.5,9.75,,,22.5,,14.3,,,C,2021
943636,56002863,56,6,6.6,5.25,3.8,,,,8.5,9.25,8.75,,,23,,15.65,,,C,2021
641605,34014857,34,3,5.8,6.75,5.4,,,,7,5.25,8.25,,,19,,17.95,,,C,2021
336519,17000361,17,1,5.2,7,7.4,,,,8.75,7,9.25,,,22.75,,19.6,,,C,2021
301910,14007444,14,2,4.6,6.25,4.2,,,,5.5,2.75,8.5,,,14.5,,15.05,,,D1,2021
888640,52003436,52,5,4.8,5.75,2,,,,7,4.75,9.5,,,17.5,,12.55,,,C,2021
262488,10005607,10,2,4.8,8.25,8,,,,7.75,4.25,8.75,,,20.25,,21.05,,,D1,2021
268220,11001766,11,2,4.2,3.25,3,,,,5.75,3.75,5.75,,,12.75,,10.45,,,C,2021
748409,42009693,42,4,4.8,6,6.8,,,,8,5,9.25,,,19,,17.6,,,C,2021
115990,2014703,2,5,6.6,7.75,7.2,,,,7,3.5,8,,,18.25,,21.55,,,D1,2021
556773,29015676,29,3,8,8.5,5,,,,7.5,3.75,8,,,19.75,,21.5,,,D1,2021
521955,28021105,28,3,6.6,7.75,5.6,,,,7.75,4.25,9.25,,,19.75,,19.95,,,D1,2021
367916,18015301,18,2,3.6,5,4,,,,7.5,6.5,9.5,,,19,,12.6,,,C,2021
377928,19004300,19,1,6.4,4.5,4,,,,5.75,5.25,7.75,,,15.5,,14.9,,,C,2021
259605,10002724,10,2,4.8,6,3.6,,,,7,4.25,6,,,17.25,,14.4,,,C,2021
881477,51013319,51,6,7,7.5,5.4,,,,7.25,5,9.25,,,19.75,,19.9,,,D1,2021
981325,59007010,59,6,4.4,7.5,5,,,,8,4.5,9.25,,,20,,16.9,,,C,2021
684094,38004746,38,4,6,5,7.2,,,,6.25,3.5,7.75,,,14.75,,18.2,,,D1,2021
59508,1059509,1,1,3,5.5,2.4,,,,5,4.5,7.5,,,15,,10.9,,,C,2021
783269,46000089,46,5,4.8,7.75,4.2,,,,6.5,4.75,7.75,,,19,,16.75,,,C,2021
560045,29018948,29,3,5.4,5.25,2.8,,,,7.25,4.75,6.75,,,17.25,,13.45,,,C,2021
674470,37013148,37,3,4.8,2.75,4.8,,,,6,2,6.5,,,10.75,,12.35,,,D1,2021
771567,44008010,44,5,4.6,6.25,6.8,,,,6.25,4.25,7.5,,,16.75,,17.65,,,D1,2021
353551,18000936,18,2,4,8,4.6,,,,7.75,5.75,8.25,,,21.5,,16.6,,,C,2021
921515,54006693,54,6,7,6.5,5,,,,7.5,6.5,8.25,,,20.5,,18.5,,,C,2021
629554,34002806,34,3,7.2,5.25,4.2,,,,8.75,6.75,8.75,,,20.75,,16.65,,,C,2021
695881,39002509,39,3,2.2,5,2.4,,,,5.5,3.5,6.25,,,14,,9.6,,,C,2021
625361,33011958,33,3,7,8.25,5.4,,,,8.25,8,9.5,,,24.5,,20.65,,,C,2021
658889,36002214,36,4,5.4,7,7.2,,,,6,5.75,8.25,,,18.75,,19.6,,,D1,2021
567028,29025931,29,3,4.8,7.75,4.8,,,,7.75,5,9.5,,,20.5,,17.35,,,C,2021
391821,21001805,21,1,7.6,7.75,8.6,,,,6.75,5,9.25,,,19.5,,23.95,,,D1,2021
313586,15007692,15,2,6.2,8,6.4,,,,8.5,8,9.5,,,24.5,,20.6,,,C,2021
355633,18003018,18,2,5.6,6.75,3.8,,,,8,6.25,9.75,,,21,,16.15,,,C,2021
36929,1036930,1,1,4,6.25,4.2,,,,6.25,1.75,6.25,,,14.25,,14.45,,,D1,2021
575778,30000201,30,3,7,6.5,3.6,,,,6.75,4.25,8,,,17.5,,17.1,,,C,2021
523725,28022875,28,3,8.4,9,8.8,,,,6,2.75,8.25,,,17.75,,26.2,,,D1,2021
778433,45001265,45,3,5.6,7.75,4.4,,,,7.75,6.5,9.5,,,22,,17.75,,,C,2021
918800,54003978,54,6,3.8,4.25,3,,,,7.5,3.25,8.75,,,15,,11.05,,,C,2021
676856,37015534,37,3,6.6,7,6.2,,,,7.25,5,8.75,,,19.25,,19.8,,,D1,2021
760252,43007188,43,5,6,2.75,2.6,,,,7.5,8.5,7.75,,,18.75,,11.35,,,C,2021
427782,23001150,23,2,5.8,4,2.2,,,,5.25,2.75,7.5,,,12,,12,,,D1,2021
641243,34014495,34,3,7,6.75,2.8,,,,8,7,8.75,,,21.75,,16.55,,,C,2021
403350,21013334,21,1,6.2,7,6.6,,,,7,5.25,9.75,,,19.25,,19.8,,,D1,2021
515232,28014382,28,3,4.6,7.25,3.2,,,,7.75,7.25,9.75,,,22.25,,15.05,,,C,2021
261530,10004649,10,2,7.6,7.5,5.8,,,,8.25,6.25,9.5,,,22,,20.9,,,C,2021
786413,46003233,46,5,5.2,7.5,2.8,,,,7.5,4.5,6.75,,,19.5,,15.5,,,C,2021
478124,26011297,26,1,6.2,6,5.4,,,,6.75,2.25,8.25,,,15,,17.6,,,D1,2021
992096,61001790,61,6,5.2,6.75,8.4,,,,6.75,3.25,8.5,,,16.75,,20.35,,,D1,2021
36704,1036705,1,1,8,6.75,7,,,,8.75,5.75,9.25,,,21.25,,21.75,,,D1,2021
428145,23001513,23,2,3,3.5,2.8,,,,7.75,3,7.5,,,14.25,,9.3,,,C,2021
409868,21019852,21,1,7.6,7,3.8,,,,7.25,3.75,9.5,,,18,,18.4,,,D1,2021
489602,26022775,26,1,6.4,5.5,3.6,,,,5.5,3.5,7.25,,,14.5,,15.5,,,D1,2021
787405,46004225,46,5,7.8,9,6.4,,,,8.75,6.5,10,,,24.25,,23.2,,,C,2021
251198,9003025,9,2,7.4,6.5,6.2,,,,8.5,7,9.75,,,22,,20.1,,,C,2021
942870,56002097,56,6,6.6,6,7.4,,,,7.75,8.5,9,,,22.25,,20,,,C,2021
581583,30006006,30,3,4.8,7,7.4,,,,7,3.25,7.5,,,17.25,,19.2,,,D1,2021
138921,2037634,2,5,4.8,6,3.8,,,,6.25,3.75,6.5,,,16,,14.6,,,C,2021
360495,18007880,18,2,6.2,8,4.6,,,,6.25,4.5,7.75,,,18.75,,18.8,,,D1,2021
142848,2041561,2,5,7.2,6.25,4.2,,,,7,6.5,9.5,,,19.75,,17.65,,,C,2021
691788,38012440,38,4,4.2,2.25,4.8,,,,6,2.75,7.25,,,11,,11.25,,,D1,2021
252487,9004314,9,2,5.8,6.75,4,,,,8.5,5.75,8.75,,,21,,16.55,,,C,2021
526514,28025664,28,3,7.8,8.75,9,,,,7.5,5,10,,,21.25,,25.55,,,D1,2021
724861,41000783,41,3,8,8.5,7,,,,8.5,7,8.75,,,24,,23.5,,,C,2021
1005547,62004298,62,2,5.8,8.25,7.2,,,,7,6.25,9.75,,,21.5,,21.25,,,C,2021
71549,1071550,1,1,5.4,7,1.8,,,,6.5,2.25,8,,,15.75,,14.2,,,C,2021
249179,9001006,9,2,6.4,3.75,6,,,,5.75,5,7,,,14.5,,16.15,,,D1,2021
201647,3011085,3,1,6,6.75,5,,,,7,4.75,10,,,18.5,,17.75,,,C,2021
313609,15007715,15,2,7.2,7.5,6.6,,,,9.5,7.25,9.5,,,24.25,,21.3,,,C,2021
390469,21000453,21,1,8,7,7.6,,,,9,6.25,9.5,,,22.25,,22.6,,,D1,2021
1001990,62000741,62,2,8,9,9.2,,,,7,4.75,8.25,,,20.75,,26.2,,,D1,2021
426718,23000086,23,2,5.2,6,4,,,,7.5,5.25,9.25,,,18.75,,15.2,,,C,2021
81592,1081593,1,1,7.2,6.75,5.4,,,,7.5,4.5,6.75,,,18.75,,19.35,,,D1,2021
40466,1040467,1,1,5.6,4.25,4.2,,,,7,2.75,7.5,,,14,,14.05,,,D1,2021
592251,30016674,30,3,6.2,8.25,5,,,,8.75,8.5,7.25,,,25.5,,19.45,,,C,2021
470270,26003443,26,1,7.8,7,6.8,,,,7,4.25,7.5,,,18.25,,21.6,,,D1,2021
184248,2082961,2,5,5.8,8.5,4.6,,,,7.25,6.75,9,,,22.5,,18.9,,,C,2021
492403,27002630,27,1,7.6,7,4.6,,,,6.5,4.5,8.75,,,18,,19.2,,,D1,2021
263008,10006127,10,2,7.2,6.75,8,,,,8.25,7.75,9.5,,,22.75,,21.95,,,C,2021
528985,28028135,28,3,7,6.5,4.4,,,,7.5,6,8.75,,,20,,17.9,,,C,2021
428979,23002347,23,2,6.6,5.25,5.6,,,,8.5,6.75,9.75,,,20.5,,17.45,,,C,2021
120677,2019390,2,5,8.2,4.5,9.8,,,,6.25,3.25,6.5,,,14,,22.5,,,D1,2021
537403,28036553,28,3,5,6.75,2.4,,,,7,5.5,9.5,,,19.25,,14.15,,,C,2021
688302,38008954,38,4,4.8,6.5,4.8,,,,7,5.75,9.25,,,19.25,,16.1,,,C,2021
706305,40002085,40,4,6.4,6.5,9.4,,,,7.5,6.25,9,,,20.25,,22.3,,,D1,2021
610082,32005209,32,3,3.6,4,3.6,,,,4.25,2.5,4.5,,,10.75,,11.2,,,D1,2021
711183,40006963,40,4,5.2,3.75,4.2,,,,5.5,3,7.5,,,12.25,,13.15,,,D1,2021
506950,28006100,28,3,7.8,7.5,5.4,,,,6.75,4,6.5,,,18.25,,20.7,,,D1,2021
329626,16007517,16,1,7.2,7.5,4.4,,,,8.75,7.25,9,,,23.5,,19.1,,,C,2021
39932,1039933,1,1,4.6,6,4.6,,,,5.5,3.25,5,,,14.75,,15.2,,,D1,2021
647015,35003491,35,3,6.8,7,8.8,,,,7.25,8.75,7.5,,,23,,22.6,,,C,2021
227143,5000301,5,2,8.6,7.75,10,,,,7.25,6,9.75,,,21,,26.35,,,D1,2021
774224,44010667,44,5,7.6,7.25,9,,,,8.25,7.75,8.5,,,23.25,,23.85,,,D1,2021
266051,10009170,10,2,7.2,6.75,5,,,,9,7.25,10,,,23,,18.95,,,C,2021
368681,18016066,18,2,7.8,7.75,7.4,,,,6.5,5.75,8.75,,,20,,22.95,,,D1,2021
340892,17004734,17,1,8,8.75,10,,,,8.5,6.75,9,,,24,,26.75,,,D1,2021
781143,45003975,45,3,6.2,6.75,4.2,,,,7,5.5,8,,,19.25,,17.15,,,C,2021
861764,50008813,50,6,6.6,6.5,3.6,,,,5.5,2.75,8.5,,,14.75,,16.7,,,D1,2021
520257,28019407,28,3,7.6,9,7,,,,7.5,7.75,9.75,,,24.25,,23.6,,,C,2021
943647,56002874,56,6,4.8,7,4.8,,,,6.5,5.25,8.75,,,18.75,,16.6,,,C,2021
566622,29025525,29,3,5.2,7.25,2.8,,,,7.25,5,8.5,,,19.5,,15.25,,,C,2021
748453,42009737,42,4,6,6,5.8,,,,8.75,3.25,8.75,,,18,,17.8,,,C,2021
888310,52003106,52,5,7.4,8.25,9,,,,9,8.75,10,,,26,,24.65,,,C,2021
918569,54003747,54,6,5.8,5.5,3.6,,,,5,2.5,7.5,,,13,,14.9,,,D1,2021
515942,28015092,28,3,6.6,7.5,4.2,,,,8.25,5.25,9.25,,,21,,18.3,,,C,2021
660870,36004195,36,4,4.8,5.75,3,,,,8.25,6.25,9,,,20.25,,13.55,,,C,2021
175746,2074459,2,5,5.4,8,6.6,,,,5.5,2.25,7.25,,,15.75,,20,,,D1,2021
882418,51014260,51,6,5.4,4,3,,,,5.75,5,7.5,,,14.75,,12.4,,,C,2021
945389,56004616,56,6,5.8,5,4,,,,8.25,3.5,9,,,16.75,,14.8,,,C,2021
487717,26020890,26,1,6.8,7,4.6,,,,6.75,7.25,10,,,21,,18.4,,,C,2021
250125,9001952,9,2,6.8,5.5,6,,,,7,4,8.5,,,16.5,,18.3,,,D1,2021
56110,1056111,1,1,7.6,6.25,6.8,,,,5.5,5.25,7.5,,,17,,20.65,,,D1,2021
675295,37013973,37,3,5.4,5,3.4,,,,5,3.25,7.5,,,13.25,,13.8,,,D1,2021
49565,1049566,1,1,6,7.25,5.6,,,,6,4.25,7.75,,,17.5,,18.85,,,D1,2021
300660,14006194,14,2,3.4,6,2.2,,,,6.25,4.5,9.5,,,16.75,,11.6,,,C,2021
511381,28010531,28,3,5.2,5.75,3.8,,,,6.5,3,8.5,,,15.25,,14.75,,,C,2021
1012456,63004894,63,4,3.6,5,4,,,,5.75,7,8,,,17.75,,12.6,,,C,2021
769288,44005731,44,5,7.2,7,8.6,,,,7.25,5,7.75,,,19.25,,22.8,,,D1,2021
606504,32001631,32,3,5.4,8.25,2.6,,,,7,7,9,,,22.25,,16.25,,,C,2021
444320,24008147,24,1,6.8,6.5,4.4,,,,7.25,2.75,8.75,,,16.5,,17.7,,,D1,2021
896253,52011049,52,5,6.4,7,3.2,,,,6,3.5,8,,,16.5,,16.6,,,D1,2021
504153,28003303,28,3,9,9,9.8,,,,8.25,6.75,8.75,,,24,,27.8,,,D1,2021
405567,21015551,21,1,8.8,8.5,9.6,,,,8.5,4.25,8.5,,,21.25,,26.9,,,D1,2021
814953,48010001,48,5,8.2,7,9.4,,,,7.25,8.75,8.5,,,23,,24.6,,,D1,2021
263197,10006316,10,2,5.4,5,3.2,,,,7.25,3.75,8.5,,,16,,13.6,,,C,2021
449368,25003501,25,1,6,6.25,4.8,,,,8.25,9,8.75,,,23.5,,17.05,,,C,2021
336889,17000731,17,1,7.6,7,3.8,,,,8.5,4.25,8.75,,,19.75,,18.4,,,C,2021
715335,40011115,40,4,4.4,4.25,2.4,,,,7,3.5,5.75,,,14.75,,11.05,,,C,2021
651959,35008435,35,3,6.8,7.75,7.4,,,,8.75,7.75,9.25,,,24.25,,21.95,,,C,2021
275223,12005840,12,2,6.8,5,5.4,,,,6.75,5,8,,,16.75,,17.2,,,D1,2021
564333,29023236,29,3,7.6,7.5,4.8,,,,7.25,5,8.75,,,19.75,,19.9,,,D1,2021
725082,41001004,41,3,7.4,6,4.8,,,,7.25,4,7.25,,,17.25,,18.2,,,D1,2021
689161,38009813,38,4,5.2,6.5,2.8,,,,6.5,1.75,7,,,14.75,,14.5,,,C,2021
818935,48013983,48,5,5.4,6.5,5.4,,,,6,4.25,8.25,,,16.75,,17.3,,,D1,2021
47911,1047912,1,1,7.4,8.5,6.8,,,,7.75,6,9.5,,,22.25,,22.7,,,D1,2021
803875,47011012,47,3,4.4,6.5,3.8,,,,7.25,6.25,9.75,,,20,,14.7,,,C,2021
893760,52008556,52,5,7.8,7,7.6,,,,8.75,6,9,,,21.75,,22.4,,,D1,2021
247477,8006666,8,2,7,8,8.4,,,,8.25,9,9,,,25.25,,23.4,,,C,2021
801398,47008535,47,3,6.6,5.25,5.4,,,,8.25,4.5,7.75,,,18,,17.25,,,C,2021
549127,29008030,29,3,8.6,8,8.6,,,,8.75,8.5,9.5,,,25.25,,25.2,,,C,2021
819970,48015018,48,5,7,6,5.2,,,,7.25,5,8.5,,,18.25,,18.2,,,C,2021
696715,39003343,39,3,6.6,5.5,3.2,,,,8.25,6,9.25,,,19.75,,15.3,,,C,2021
568332,29027235,29,3,5.2,8,4.6,,,,8.5,7.75,9.75,,,24.25,,17.8,,,C,2021
146106,2044819,2,5,6,5,3.8,,,,7.25,4.5,8,,,16.75,,14.8,,,C,2021
263940,10007059,10,2,5.6,6,4.6,,,,7.25,4.5,8.75,,,17.75,,16.2,,,C,2021
725977,41001899,41,3,6.6,5,5.8,,,,8.25,5.25,8.75,,,18.5,,17.4,,,C,2021
410148,21020132,21,1,8.2,7.75,7.2,,,,8.25,5,9.75,,,21,,23.15,,,D1,2021
297678,14003212,14,2,7.2,4.75,5,,,,7.25,4.75,9,,,16.75,,16.95,,,D1,2021
922619,54007797,54,6,5,7,5.6,,,,6.25,4.5,9.5,,,17.75,,17.6,,,C,2021
963695,57009708,57,6,6.4,7,5.8,,,,7.25,4.5,8.5,,,18.75,,19.2,,,D1,2021
387568,19013940,19,1,5.8,6.25,3.8,,,,7.75,3.75,8.5,,,17.75,,15.85,,,C,2021
504141,28003291,28,3,7.8,8.75,6.8,,,,7,5.25,10,,,21,,23.35,,,D1,2021
308408,15002514,15,2,6.2,5.5,5.2,,,,7.5,5.5,9.5,,,18.5,,16.9,,,C,2021
757355,43004291,43,5,4.2,4.25,3.6,,,,7.5,3.25,8.25,,,15,,12.05,,,C,2021
714312,40010092,40,4,3.6,2.75,3,,,,6.5,2.25,7,,,11.5,,9.35,,,C,2021
287529,13001173,13,2,7.2,8,8.6,,,,8.5,7.25,9.5,,,23.75,,23.8,,,D1,2021
508663,28007813,28,3,4.4,6,2.4,,,,6.25,4,8.75,,,16.25,,12.8,,,C,2021
317895,15012001,15,2,6.6,6.5,6.6,,,,8.5,7,9.5,,,22,,19.7,,,C,2021
725792,41001714,41,3,6.6,5.75,5.4,,,,7,5,8.25,,,17.75,,17.75,,,D1,2021
256612,9008439,9,2,6.6,5.5,4.2,,,,6.75,7,9,,,19.25,,16.3,,,C,2021
905565,53007166,53,6,6.4,6,1.8,,,,5.75,3,7.75,,,14.75,,14.2,,,C,2021
228132,5001290,5,2,3.2,5.25,3.4,,,,4.25,4,7.25,,,13.5,,11.85,,,C,2021
487825,26020998,26,1,7.2,6.5,4.2,,,,8.75,4.5,9.75,,,19.75,,17.9,,,C,2021
373097,18020482,18,2,5.6,5.5,5.4,,,,5.75,4.25,6.25,,,15.5,,16.5,,,D1,2021
287296,13000940,13,2,7.8,8.75,9.4,,,,6.75,4.75,9,,,20.25,,25.95,,,D1,2021
203877,3013315,3,1,7.4,6,9.4,,,,9.25,8,9.75,,,23.25,,22.8,,,C,2021
985346,60001391,60,6,4.6,7.25,3.4,,,,7.25,3.75,9.75,,,18.25,,15.25,,,C,2021
460309,25014442,25,1,8.4,6.5,6.2,,,,7.5,4,8,,,18,,21.1,,,D1,2021
220029,4005903,4,3,6.2,6.25,8.4,,,,6.75,7,8.25,,,20,,20.85,,,D1,2021
202208,3011646,3,1,8.4,7.75,9,,,,8.25,6.25,8.75,,,22.25,,25.15,,,D1,2021
231307,5004465,5,2,3.2,6.75,4.4,,,,5,3.75,6.25,,,15.5,,14.35,,,C,2021
498223,27008450,27,1,8.4,6,8.4,,,,8.25,6,9.5,,,20.25,,22.8,,,D1,2021
517196,28016346,28,3,3.4,5.25,2.2,,,,5.75,3.25,5,,,14.25,,10.85,,,C,2021
8149,1008150,1,1,7.6,7.75,8.6,,,,7.25,6.5,8.5,,,21.5,,23.95,,,D1,2021
145892,2044605,2,5,9.2,7.5,9.4,,,,8.75,7.75,8.5,,,24,,26.1,,,D1,2021
214853,4000727,4,3,7.8,5.75,7,,,,7.25,4.25,9.75,,,17.25,,20.55,,,D1,2021
577285,30001708,30,3,6.2,8,8.4,,,,8,8.25,8.5,,,24.25,,22.6,,,C,2021
206790,3016228,3,1,7.8,7.25,6.8,,,,7.25,4.25,9,,,18.75,,21.85,,,D1,2021
884962,51016804,51,6,6.4,7,4.8,,,,5.5,3.25,9.25,,,15.75,,18.2,,,D1,2021
268955,11002501,11,2,7.8,8,8.4,,,,8.75,7.75,9.75,,,24.5,,24.2,,,C,2021
683562,38004214,38,4,5.4,5.25,4.2,,,,6,4.75,7.5,,,16,,14.85,,,C,2021
389362,19015734,19,1,8.6,7.25,8.6,,,,8,8,10,,,23.25,,24.45,,,D1,2021
779170,45002002,45,3,4.4,4.25,2.6,,,,6.25,3.5,6.5,,,14,,11.25,,,C,2021
778750,45001582,45,3,5,7,6.8,,,,5.5,3.5,7,,,16,,18.8,,,D1,2021
743471,42004755,42,4,7,7,4.4,,,,7.25,7,8.75,,,21.25,,18.4,,,C,2021
956038,57002051,57,6,4.6,5.75,2.2,,,,6,6.5,9.5,,,18.25,,12.55,,,C,2021
933144,55004531,55,6,5.8,6.75,6.2,,,,6.25,3.5,8.5,,,16.5,,18.75,,,D1,2021
592533,30016956,30,3,5.2,6.5,5.8,,,,5.75,2.75,7.5,,,15,,17.5,,,D1,2021
923874,54009052,54,6,6.4,6.75,8.6,,,,8.25,5,9.75,,,20,,21.75,,,D1,2021
797047,47004184,47,3,5.2,6.25,4.8,,,,7,4,8,,,17.25,,16.25,,,C,2021
391148,21001132,21,1,7.2,7.75,5.8,,,,7,4.25,9.25,,,19,,20.75,,,D1,2021
462860,25016993,25,1,8.4,7.75,9.4,,,,8.25,6.5,9.5,,,22.5,,25.55,,,D1,2021
830052,48025100,48,5,6.4,7,9,,,,7.5,4,9,,,18.5,,22.4,,,D1,2021
544787,29003690,29,3,8.8,8,10,,,,9.5,4.75,9.25,,,22.25,,26.8,,,D1,2021
784291,46001111,46,5,7.4,7.25,7.6,,,,6.5,3.75,8.25,,,17.5,,22.25,,,D1,2021
282610,12013227,12,2,7,8,7.8,,,,8,7.25,9.5,,,23.25,,22.8,,,C,2021
644941,35001417,35,3,6.2,8,6.2,,,,6.25,4.75,8,,,19,,20.4,,,D1,2021
62237,1062238,1,1,8.2,7.25,9.6,,,,7.75,6.75,9,,,21.75,,25.05,,,D1,2021
608567,32003694,32,3,8,8.5,9,,,,7,2.75,8,,,18.25,,25.5,,,D1,2021
598147,31005230,31,3,6.6,6,4.6,,,,7,6,9.5,,,19,,17.2,,,C,2021
482959,26016132,26,1,6.6,7.5,4.6,,,,8,7.25,9.25,,,22.75,,18.7,,,C,2021
319881,15013987,15,2,6.2,6.75,3.6,,,,5.25,2.5,9.5,,,14.5,,16.55,,,D1,2021
604199,31011282,31,3,3.4,5.75,4.8,,,,5.5,4.5,8.75,,,15.75,,13.95,,,C,2021
397945,21007929,21,1,7.6,7.75,3.8,,,,6.75,2.5,9.5,,,17,,19.15,,,D1,2021
36062,1036063,1,1,7.8,7,6.6,,,,6.5,4,9,,,17.5,,21.4,,,D1,2021
84995,1084996,1,1,6.8,9,4.2,,,,9.5,9.5,9,,,28,,20,,,C,2021
606421,32001548,32,3,5.8,5.75,6.6,,,,7.25,5,8.75,,,18,,18.15,,,D1,2021
614602,33001199,33,3,7.4,7.5,6.2,,,,7,6,8.25,,,20.5,,21.1,,,D1,2021
219242,4005116,4,3,5.8,4,3,,,,6.5,2.5,6.5,,,13,,12.8,,,C,2021
492614,27002841,27,1,6.4,7.5,5.2,,,,7.25,3.75,9,,,18.5,,19.1,,,D1,2021
183597,2082310,2,5,7,6.5,4.4,,,,7.25,6.5,9.5,,,20.25,,17.9,,,C,2021
236652,6004184,6,2,4.2,4.75,4,,,,5.25,2.75,7,,,12.75,,12.95,,,D1,2021
953643,56012870,56,6,6,6.5,5.8,,,,6.25,2.25,8.5,,,15,,18.3,,,D1,2021
581702,30006125,30,3,5,6.5,4.4,,,,7.5,3,8,,,17,,15.9,,,C,2021
322129,16000020,16,1,9.2,8.75,9.8,,,,9.25,6.75,9.25,,,24.75,,27.75,,,D1,2021
943066,56002293,56,6,6.8,7,7.4,,,,9,7.5,9,,,23.5,,21.2,,,C,2021
823202,48018250,48,5,8.2,7.75,7,,,,7.25,6,9,,,21,,22.95,,,D1,2021
818465,48013513,48,5,5.8,6.75,7.2,,,,6.5,4.75,8.25,,,18,,19.75,,,D1,2021
682963,38003615,38,4,5.4,7.5,3.8,,,,7.25,5.25,8.75,,,20,,16.7,,,C,2021
264353,10007472,10,2,2.8,6.5,2.8,,,,6.75,6,7.75,,,19.25,,12.1,,,C,2021
621303,33007900,33,3,4.6,7,4.6,,,,6.5,4,7.75,,,17.5,,16.2,,,C,2021
381027,19007399,19,1,5.6,6.5,8.2,,,,7.75,6.25,9.75,,,20.5,,20.3,,,C,2021
8147,1008148,1,1,7.2,7,9,,,,8.75,5.75,9.75,,,21.5,,23.2,,,D1,2021
325968,16003859,16,1,5.4,6.5,4,,,,6.75,6.25,9,,,19.5,,15.9,,,C,2021
832985,48028033,48,5,3.4,7,3,,,,5.25,3.5,8,,,15.75,,13.4,,,C,2021
587410,30011833,30,3,6,9,5.6,,,,7,6.25,9.25,,,22.25,,20.6,,,C,2021
337245,17001087,17,1,4.4,6,7.4,,,,5.5,2.5,6.75,,,14,,17.8,,,D1,2021
977638,59003323,59,6,3.2,6,2.4,,,,5.5,2.75,5,,,14.25,,11.6,,,C,2021
81406,1081407,1,1,7.4,8.25,7.8,,,,8.25,5,8.75,,,21.5,,23.45,,,D1,2021
289185,13002829,13,2,5.2,7.75,5.8,,,,7,3.75,9,,,18.5,,18.75,,,D1,2021
1017359,64003096,64,6,3.4,6.5,2.2,,,,5.5,2.75,8.25,,,14.75,,12.1,,,C,2021
201124,3010562,3,1,8.6,7.5,9.8,,,,7.75,6.5,9.75,,,21.75,,25.9,,,D1,2021
305196,14010730,14,2,4.8,5.75,3,,,,5.25,2.5,7.75,,,13.5,,13.55,,,D1,2021
448574,25002707,25,1,6,6.75,4.4,,,,6.75,4.25,9,,,17.75,,17.15,,,C,2021
50078,1050079,1,1,2.6,1.25,1.6,,,,4.5,3.5,4.75,,,9.25,,5.45,,,C,2021
638105,34011357,34,3,8,9.25,9.2,,,,7.75,7,9.5,,,24,,26.45,,,D1,2021
69449,1069450,1,1,7.4,6.5,5.4,,,,7,4.75,8.75,,,18.25,,19.3,,,D1,2021
901242,53002843,53,6,6,6.5,3.6,,,,5.75,4,9,,,16.25,,16.1,,,C,2021
985557,60001602,60,6,6,6.25,4.8,,,,6.25,5.75,8.5,,,18.25,,17.05,,,C,2021
623179,33009776,33,3,7.2,7,6,,,,8.25,6,7.75,,,21.25,,20.2,,,C,2021
526456,28025606,28,3,6.4,6.75,2.8,,,,7,5.5,9,,,19.25,,15.95,,,C,2021
717586,40013366,40,4,7.2,7.25,8.4,,,,7.5,3.25,9.75,,,18,,22.85,,,D1,2021
902147,53003748,53,6,7.6,7.25,8.4,,,,7,5.25,8.25,,,19.5,,23.25,,,D1,2021
996538,61006232,61,6,5.8,6.25,5,,,,7.25,5.5,9,,,19,,17.05,,,C,2021
148491,2047204,2,5,5.2,6.25,3.6,,,,6.75,4.25,8.5,,,17.25,,15.05,,,C,2021
544739,29003642,29,3,6.6,8,5.8,,,,7.25,2.75,9.5,,,18,,20.4,,,D1,2021
96620,1096621,1,1,3.8,5.25,1.8,,,,8,6.75,8,,,20,,10.85,,,C,2021
45842,1045843,1,1,8,9,9.2,,,,7.75,6.25,8.5,,,23,,26.2,,,D1,2021
477546,26010719,26,1,4.8,5.25,3.4,,,,7.5,5,9.25,,,17.75,,13.45,,,C,2021
589880,30014303,30,3,6.2,6,5.2,,,,5,4.25,5.5,,,15.25,,17.4,,,D1,2021
457783,25011916,25,1,7,7.25,8.6,,,,6.75,3.5,9.25,,,17.5,,22.85,,,D1,2021
567483,29026386,29,3,6,5.75,3.2,,,,6.5,5.5,9,,,17.75,,14.95,,,C,2021
891495,52006291,52,5,7,7.75,7.4,,,,7.25,7,9.25,,,22,,22.15,,,D1,2021
794746,47001883,47,3,6.8,7.25,5.8,,,,8.25,7.25,9.5,,,22.75,,19.85,,,C,2021
706260,40002040,40,4,2.8,5.25,3.6,,,,7,3.25,7.75,,,15.5,,11.65,,,C,2021
550797,29009700,29,3,5.8,6,3.8,,,,6,3.25,8,,,15.25,,15.6,,,D1,2021
930460,55001847,55,6,3.2,7.5,2.2,,,,7,4.75,7.5,,,19.25,,12.9,,,C,2021
601309,31008392,31,3,5.4,3.5,4,,,,6,4.25,7.5,,,13.75,,12.9,,,C,2021
353200,18000585,18,2,4.2,6.25,4.8,,,,7,5.75,8.25,,,19,,15.25,,,C,2021
204691,3014129,3,1,6,5.75,7,,,,6.5,5.75,7.25,,,18,,18.75,,,D1,2021
649696,35006172,35,3,6.2,8.75,8.4,,,,6.5,6,7.5,,,21.25,,23.35,,,D1,2021
997805,61007499,61,6,7.8,6.75,6.6,,,,8,6,9.75,,,20.75,,21.15,,,D1,2021
865046,50012095,50,6,6.4,6,5,,,,7.5,3.25,9.5,,,16.75,,17.4,,,D1,2021
642436,34015688,34,3,5.6,5.5,4.8,,,,3.75,3,5.5,,,12.25,,15.9,,,D1,2021
267051,11000597,11,2,5.2,5,6.2,,,,6,5,8.75,,,16,,16.4,,,D1,2021
508725,28007875,28,3,3.4,7.5,1.4,,,,7,6.25,9.25,,,20.75,,12.3,,,C,2021
879518,51011360,51,6,7.2,7,6.4,,,,8.75,7.5,8.5,,,23.25,,20.6,,,C,2021
950716,56009943,56,6,7.6,8,5.6,,,,7.75,8.5,9.75,,,24.25,,21.2,,,C,2021
690244,38010896,38,4,4.8,5,2.2,,,,6.5,3.75,9,,,15.25,,12,,,C,2021
808570,48003618,48,5,7,7.5,6,,,,7,6.75,7.5,,,21.25,,20.5,,,C,2021
236894,6004426,6,2,3.6,4.5,4.2,,,,6.25,3.5,5.5,,,14.25,,12.3,,,C,2021
598304,31005387,31,3,6.6,5.75,7.2,,,,5.75,3.5,9.25,,,15,,19.55,,,D1,2021
759774,43006710,43,5,7.6,7.75,9.2,,,,8.25,6.75,9.5,,,22.75,,24.55,,,D1,2021
639800,34013052,34,3,8.2,9.25,8.2,,,,6.75,4.75,9,,,20.75,,25.65,,,D1,2021
341222,17005064,17,1,6.6,6.5,7.2,,,,6.25,3.75,9.25,,,16.5,,20.3,,,D1,2021
87033,1087034,1,1,5.6,6.75,3.2,,,,5,2.5,8.75,,,14.25,,15.55,,,D1,2021
331384,16009275,16,1,7.2,7.25,6,,,,9,6.75,9.25,,,23,,20.45,,,C,2021
797782,47004919,47,3,3.6,6.25,2.6,,,,4.75,4.25,7.5,,,15.25,,12.45,,,C,2021
593487,31000570,31,3,4.4,3,6.6,,,,4.25,2.25,7.25,,,9.5,,14,,,D1,2021
197346,3006784,3,1,7.4,7,7.6,,,,8,7.75,9,,,22.75,,22,,,C,2021
259578,10002697,10,2,6.2,7,4.6,,,,6.75,3.25,8,,,17,,17.8,,,D1,2021
694380,39001008,39,3,7,4.75,4,,,,7,3.75,8,,,15.5,,15.75,,,D1,2021
297333,14002867,14,2,3.4,3.5,2.6,,,,7.25,3.5,9.25,,,14.25,,9.5,,,C,2021
553137,29012040,29,3,5.8,7.25,2.8,,,,6.25,2,8,,,15.5,,15.85,,,D1,2021
753333,43000269,43,5,8.4,7,7,,,,8.75,4.5,8.5,,,20.25,,22.4,,,D1,2021
783168,45006000,45,3,4.8,6.25,3.2,,,,7.75,6.25,6.5,,,20.25,,14.25,,,C,2021
448816,25002949,25,1,8,8.5,7.2,,,,9,8.25,9.5,,,25.75,,23.7,,,C,2021
744824,42006108,42,4,7,6.25,2.4,,,,5.75,4,7.5,,,16,,15.65,,,C,2021
217847,4003721,4,3,4,4.75,3.2,,,,5.75,5,6.5,,,15.5,,11.95,,,C,2021
868019,50015068,50,6,8,7.75,6.2,,,,8.25,8.5,10,,,24.5,,21.95,,,C,2021
1019987,64005724,64,6,3.6,6,4,,,,5.25,4.75,6,,,16,,13.6,,,C,2021
479002,26012175,26,1,8.4,8.25,8.4,,,,7.75,6.5,10,,,22.5,,25.05,,,D1,2021
746161,42007445,42,4,8.6,9,8.4,,,,7.25,7.25,9.75,,,23.5,,26,,,D1,2021
455176,25009309,25,1,5.8,6.25,4.2,,,,8,7.5,9,,,21.75,,16.25,,,C,2021
699240,39005868,39,3,5.4,2.5,3.4,,,,5.75,4.75,8.5,,,13,,11.3,,,C,2021
600950,31008033,31,3,7.6,5.75,6,,,,7.5,4.25,9.25,,,17.5,,19.35,,,D1,2021
276879,12007496,12,2,7.6,8.25,7.6,,,,7.5,7.25,9.75,,,23,,23.45,,,D1,2021
33928,1033929,1,1,7.2,5.5,3,,,,6.75,3.75,7,,,16,,15.7,,,C,2021
902727,53004328,53,6,5.2,6,2.4,,,,7.25,5.75,7.25,,,19,,13.6,,,C,2021
537110,28036260,28,3,7.6,5.5,6.8,,,,8,5.5,9.5,,,19,,19.9,,,D1,2021
976467,59002152,59,6,6.8,8,2.4,,,,8,6.75,9.5,,,22.75,,17.2,,,C,2021
517144,28016294,28,3,8.6,8.75,7.2,,,,7.5,4.75,9.75,,,21,,24.55,,,D1,2021
250678,9002505,9,2,5,4.75,3.6,,,,7.5,3.25,9.5,,,15.5,,13.35,,,C,2021
231217,5004375,5,2,6.2,4.25,6,,,,6.75,6.75,7.5,,,17.75,,16.45,,,C,2021
1001051,61010745,61,6,3.2,4.5,3,,,,7.75,3,8,,,15.25,,10.7,,,C,2021
290947,13004591,13,2,2.8,5.75,3,,,,3,2.75,6.75,,,11.5,,11.55,,,D1,2021
1009926,63002364,63,4,5.2,5.5,4.6,,,,7.75,5.75,8.75,,,19,,15.3,,,C,2021
312492,15006598,15,2,7,6,5.4,,,,7.25,2.25,8.75,,,15.5,,18.4,,,D1,2021
199135,3008573,3,1,6.4,6.25,6.6,,,,8,6.75,9.75,,,21,,19.25,,,C,2021
54574,1054575,1,1,3.8,5.25,4.4,,,,7.5,7.5,9,,,20.25,,13.45,,,C,2021
239844,7002608,7,2,3.8,7.5,3.4,,,,7.25,7.5,8.25,,,22.25,,14.7,,,C,2021
979367,59005052,59,6,6.4,8,6.2,,,,7.75,4,8,,,19.75,,20.6,,,D1,2021
231034,5004192,5,2,3.4,3.25,2.2,,,,5.25,1.5,7.5,,,10,,8.85,,,C,2021
850594,49014150,49,6,6.2,6.75,5.4,,,,7.75,4.25,9,,,18.75,,18.35,,,C,2021
585538,30009961,30,3,7.8,6.75,2.6,,,,8.5,8.5,10,,,23.75,,17.15,,,C,2021
334087,16011978,16,1,7.8,7.75,7,,,,5.75,4.75,9.75,,,18.25,,22.55,,,D1,2021
681249,38001901,38,4,7.6,5.5,6,,,,7,5.75,9,,,18.25,,19.1,,,D1,2021
561524,29020427,29,3,7.8,6,5,,,,7,3.25,8.75,,,16.25,,18.8,,,D1,2021
665176,37003854,37,3,8.2,6.75,8.4,,,,7.5,7,9,,,21.25,,23.35,,,D1,2021
305592,14011126,14,2,5.2,7,5.4,,,,8.25,8.25,8.5,,,23.5,,17.6,,,C,2021
473010,26006183,26,1,7.8,7.25,8,,,,6.25,3.25,7.75,,,16.75,,23.05,,,D1,2021
881057,51012899,51,6,6,5.5,4,,,,6,3.75,8.25,,,15.25,,15.5,,,D1,2021
359912,18007297,18,2,7.8,7.5,5.6,,,,8,7.5,9.5,,,23,,20.9,,,C,2021
501757,28000907,28,3,6.6,8.75,7.8,,,,7.75,4.25,8.25,,,20.75,,23.15,,,D1,2021
733417,41009339,41,3,4.8,5.25,6.2,,,,6.5,4.25,8.25,,,16,,16.25,,,D1,2021
963836,57009849,57,6,7,7.25,5,,,,8,5.75,9.25,,,21,,19.25,,,C,2021
563039,29021942,29,3,4.8,5,2.2,,,,6.5,3.5,8.5,,,15,,12,,,C,2021
845611,49009167,49,6,7,7.5,6.6,,,,6.5,3.75,8.75,,,17.75,,21.1,,,D1,2021
587459,30011882,30,3,6.8,7.75,6.6,,,,7.25,6,8.75,,,21,,21.15,,,D1,2021
3001,1003002,1,1,7.4,8,4.4,,,,7.5,9,9.25,,,24.5,,19.8,,,C,2021
1001049,61010743,61,6,8,7,5.6,,,,8.75,6.25,9.25,,,22,,20.6,,,C,2021
346176,17010018,17,1,6.6,8.5,7.2,,,,7.5,3.75,8.25,,,19.75,,22.3,,,D1,2021
964274,57010287,57,6,6,5.75,3.8,,,,7,5,9.25,,,17.75,,15.55,,,C,2021
382315,19008687,19,1,2.6,3.75,4,,,,7,3.5,7.75,,,14.25,,10.35,,,C,2021
594462,31001545,31,3,5,4.75,3.4,,,,7,3.25,7.25,,,15,,13.15,,,C,2021
855734,50002783,50,6,5.2,6,2.6,,,,5.5,4.25,9,,,15.75,,13.8,,,C,2021
634164,34007416,34,3,3.2,4.75,3.8,,,,5.5,2.5,7,,,12.75,,11.75,,,C,2021
917354,54002532,54,6,6.4,6.25,3.8,,,,7,4.75,8.5,,,18,,16.45,,,C,2021
957095,57003108,57,6,6.6,6.5,5.2,,,,8,5.5,9,,,20,,18.3,,,C,2021
723740,40019520,40,4,5.4,6.25,3,,,,8.25,7,9.25,,,21.5,,14.65,,,C,2021
34703,1034704,1,1,6.8,8.5,6.8,,,,6.5,5,8.5,,,20,,22.1,,,D1,2021
652711,35009187,35,3,6.8,5.75,3,,,,7,6.25,9,,,19,,15.55,,,C,2021
235098,6002630,6,2,2.8,4.5,2.8,,,,6,3.5,7,,,14,,10.1,,,C,2021
458700,25012833,25,1,6.6,7.75,4.8,,,,8,5,8.75,,,20.75,,19.15,,,C,2021
1008827,63001265,63,4,3.6,4.5,2.6,,,,6.25,4,8.5,,,14.75,,10.7,,,C,2021
728280,41004202,41,3,7,5,5.8,,,,6.75,3.5,6.75,,,15.25,,17.8,,,D1,2021
298966,14004500,14,2,4.8,7,3.6,,,,6.5,3.25,9,,,16.75,,15.4,,,C,2021
969439,58003946,58,6,3.4,5.75,3,,,,7.75,3,8.25,,,16.5,,12.15,,,C,2021
50991,1050992,1,1,7.8,7.5,4.2,,,,7.25,5.5,9.5,,,20.25,,19.5,,,C,2021
459351,25013484,25,1,7.2,7.25,7,,,,7.75,3.25,9.75,,,18.25,,21.45,,,D1,2021
456513,25010646,25,1,5.8,7.25,7.2,,,,8.5,6.25,8.5,,,22,,20.25,,,C,2021
439535,24003362,24,1,4,6,3,,,,4.5,3.25,5.75,,,13.75,,13,,,C,2021
795134,47002271,47,3,7.6,6.5,4.4,,,,9,8,9.75,,,23.5,,18.5,,,C,2021
800999,47008136,47,3,5.6,5,5,,,,5.25,2.25,6.5,,,12.5,,15.6,,,D1,2021
525048,28024198,28,3,5.2,8,5,,,,7.5,5.5,9.5,,,21,,18.2,,,C,2021
93669,1093670,1,1,4.6,7.25,4,,,,7.25,7.5,7.75,,,22,,15.85,,,C,2021
795425,47002562,47,3,7.8,7.25,4,,,,7.5,4.25,8,,,19,,19.05,,,D1,2021
933725,55005112,55,6,6.6,6.25,6,,,,8,7.25,9.25,,,21.5,,18.85,,,C,2021
700293,39006921,39,3,4.2,6,2.8,,,,7.5,2.25,7.5,,,15.75,,13,,,C,2021
883751,51015593,51,6,5,7,4.6,,,,7.25,6,7.75,,,20.25,,16.6,,,C,2021
415774,22003411,22,1,7.6,6.5,5.2,,,,7.25,6,8.5,,,19.75,,19.3,,,C,2021
898774,53000375,53,6,7.6,7.5,4.6,,,,7.75,6.25,8.25,,,21.5,,19.7,,,C,2021
295340,14000874,14,2,3.4,6.25,3.4,,,,5,2.25,6.5,,,13.5,,13.05,,,C,2021
322397,16000288,16,1,8.6,8,9.2,,,,8.5,6,9.25,,,22.5,,25.8,,,D1,2021
902703,53004304,53,6,7.2,7.5,6,,,,8.5,6.5,9.25,,,22.5,,20.7,,,C,2021
841163,49004719,49,6,6.2,5.5,3.6,,,,7.5,4.5,6.75,,,17.5,,15.3,,,C,2021
496748,27006975,27,1,7.4,8,6.2,,,,7.5,5,8.75,,,20.5,,21.6,,,D1,2021
710713,40006493,40,4,2,5.5,2.6,,,,4.75,1.75,5.5,,,12,,10.1,,,C,2021
723496,40019276,40,4,4.8,5.25,2.8,,,,6.25,6,8.5,,,17.5,,12.85,,,C,2021
347872,17011714,17,1,4.4,7,4,,,,5.75,5.25,8.5,,,18,,15.4,,,C,2021
794621,47001758,47,3,6.2,6.75,4.6,,,,8.75,6.25,8.25,,,21.75,,17.55,,,C,2021
867080,50014129,50,6,5.8,7.5,5,,,,7,4.5,9.25,,,19,,18.3,,,C,2021
73031,1073032,1,1,3.8,5.5,2.4,,,,5.75,3.5,5.5,,,14.75,,11.7,,,C,2021
664126,37002804,37,3,6.2,4.25,6,,,,6.5,4.25,8,,,15,,16.45,,,D1,2021
24615,1024616,1,1,7.8,8.25,8.8,,,,7.25,5.5,8.5,,,21,,24.85,,,D1,2021
923729,54008907,54,6,7.4,7.5,6.4,,,,8.25,8.25,9.25,,,24,,21.3,,,C,2021
148006,2046719,2,5,4,6.5,3.6,,,,6.5,2.25,6.75,,,15.25,,14.1,,,C,2021
586365,30010788,30,3,5.4,7,4.4,,,,6,4,7,,,17,,16.8,,,C,2021
196823,3006261,3,1,6.8,7.25,7.6,,,,6.75,6,9.75,,,20,,21.65,,,D1,2021
219797,4005671,4,3,7.6,6.25,3.4,,,,8.75,7,9.25,,,22,,17.25,,,C,2021
648771,35005247,35,3,6,6.25,5.4,,,,7,8.25,8.25,,,21.5,,17.65,,,C,2021
220259,4006133,4,3,7,6,8.2,,,,7.25,5,8,,,18.25,,21.2,,,D1,2021
973232,58007739,58,6,4.4,4.25,1.8,,,,6.25,3,4.75,,,13.5,,10.45,,,C,2021
881666,51013508,51,6,2.6,7.25,2.4,,,,7,3.75,9.75,,,18,,12.25,,,C,2021
479805,26012978,26,1,9,8,8.6,,,,7.25,4.75,9.25,,,20,,25.6,,,D1,2021
701890,39008518,39,3,6.4,6,5.2,,,,7.25,3,8.25,,,16.25,,17.6,,,D1,2021
44378,1044379,1,1,7.8,8,6.4,,,,6.5,5,8.75,,,19.5,,22.2,,,D1,2021
1006491,62005242,62,2,6,7.5,3.8,,,,6.25,3,8.75,,,16.75,,17.3,,,D1,2021
67943,1067944,1,1,8,6.5,9,,,,7.5,4.25,9.25,,,18.25,,23.5,,,D1,2021
549255,29008158,29,3,4.6,7.75,3.4,,,,7.25,4,6.75,,,19,,15.75,,,C,2021
830328,48025376,48,5,5.8,4,2.8,,,,6.75,5,8.5,,,15.75,,12.6,,,C,2021
858607,50005656,50,6,7,5.25,4.4,,,,8,6.25,9.25,,,19.5,,16.65,,,C,2021
308493,15002599,15,2,5.6,7.25,7.6,,,,7.5,4.5,9.25,,,19.25,,20.45,,,D1,2021
995795,61005489,61,6,6,4.25,4.8,,,,7.75,7.5,8.75,,,19.5,,15.05,,,C,2021
918308,54003486,54,6,6,4.25,4,,,,6.5,3.25,7.75,,,14,,14.25,,,D1,2021
440825,24004652,24,1,7.8,8,4.4,,,,8.25,6.75,10,,,23,,20.2,,,C,2021
292542,13006186,13,2,5,4.5,4.2,,,,7,4.75,8,,,16.25,,13.7,,,C,2021
473236,26006409,26,1,3.6,4.25,4,,,,4,4,7.25,,,12.25,,11.85,,,C,2021
846812,49010368,49,6,8.6,7,9.8,,,,9.25,7.5,9,,,23.75,,25.4,,,D1,2021
416443,22004080,22,1,6.8,8.75,5.6,,,,6.5,6.5,9,,,21.75,,21.15,,,C,2021
596974,31004057,31,3,7.8,8.75,3.8,,,,9.5,9.25,9.75,,,27.5,,20.35,,,C,2021
110657,2009370,2,5,6,6,5.4,,,,7,4,7.25,,,17,,17.4,,,D1,2021
898608,53000209,53,6,7.6,7.5,7,,,,7.5,6.25,10,,,21.25,,22.1,,,D1,2021
901286,53002887,53,6,7.4,8.25,6,,,,8.25,7.5,9.25,,,24,,21.65,,,C,2021
44204,1044205,1,1,7.6,7.75,7.8,,,,6,3,5.75,,,16.75,,23.15,,,D1,2021
508616,28007766,28,3,4.4,6.75,4.6,,,,8,7.25,9.25,,,22,,15.75,,,C,2021
376624,19002996,19,1,6.8,5.5,3.8,,,,7,5,9.75,,,17.5,,16.1,,,C,2021
82449,1082450,1,1,8.2,4,4,,,,5.25,4,7.5,,,13.25,,16.2,,,D1,2021
268881,11002427,11,2,6.8,7.5,6.4,,,,7.25,7.5,9.5,,,22.25,,20.7,,,C,2021
4964,1004965,1,1,8.6,8,9.4,,,,6.5,2.5,7,,,17,,26,,,D1,2021
880917,51012759,51,6,5.8,5.25,2.8,,,,7,4.75,9.25,,,17,,13.85,,,C,2021
992886,61002580,61,6,5.6,6.25,4.2,,,,7.25,4.75,9.75,,,18.25,,16.05,,,C,2021
533233,28032383,28,3,6.4,7.75,3,,,,6.25,4,7.5,,,18,,17.15,,,C,2021
415663,22003300,22,1,5.8,7.5,4.6,,,,7.75,4,6.25,,,19.25,,17.9,,,C,2021
795395,47002532,47,3,5.8,6,7.8,,,,8.5,8.75,10,,,23.25,,19.6,,,C,2021
743450,42004734,42,4,7.8,6.25,5.8,,,,8.25,7,9.5,,,21.5,,19.85,,,C,2021
980293,59005978,59,6,7,7.75,5,,,,8.25,5.25,9.25,,,21.25,,19.75,,,C,2021
190731,3000169,3,1,6.6,7.25,8.8,,,,8.75,5.75,9.25,,,21.75,,22.65,,,D1,2021
527221,28026371,28,3,8.2,9,8.8,,,,7.5,6,9.25,,,22.5,,26,,,D1,2021
129811,2028524,2,5,6.6,6,5.4,,,,7.25,3.5,8.5,,,16.75,,18,,,D1,2021
990786,61000480,61,6,8,6.5,5,,,,7.25,5.25,9.5,,,19,,19.5,,,D1,2021
175014,2073727,2,5,6,6.25,2.2,,,,6.25,3.25,8.5,,,15.75,,14.45,,,C,2021
350394,17014236,17,1,6.8,8.5,5.8,,,,7.25,9,9.5,,,24.75,,21.1,,,C,2021
924000,54009178,54,6,7.6,7.25,6.2,,,,7.75,7,9.75,,,22,,21.05,,,C,2021
97718,1097719,1,1,6.2,5.75,4.4,,,,3.5,4.5,6.75,,,13.75,,16.35,,,D1,2021
968971,58003478,58,6,4.4,6.5,3,,,,5,3,6.25,,,14.5,,13.9,,,C,2021
239043,7001807,7,2,5.2,8,3.4,,,,7.5,7.5,9.5,,,23,,16.6,,,C,2021
527088,28026238,28,3,5.2,6.25,3.4,,,,7.25,5,9.25,,,18.5,,14.85,,,C,2021
461817,25015950,25,1,6.6,5.75,5.4,,,,7.5,5,8.5,,,18.25,,17.75,,,C,2021
262512,10005631,10,2,6,8.25,4.6,,,,6.75,5.75,8,,,20.75,,18.85,,,C,2021
277737,12008354,12,2,6.2,5.5,3.4,,,,7.25,7.5,9.25,,,20.25,,15.1,,,C,2021
89612,1089613,1,1,7.6,7.5,7.6,,,,7.5,5.25,7.25,,,20.25,,22.7,,,D1,2021
305367,14010901,14,2,4.6,6.5,4,,,,7.5,4.5,9,,,18.5,,15.1,,,C,2021
632785,34006037,34,3,6.6,7.75,5,,,,6.25,4.5,8.75,,,18.5,,19.35,,,D1,2021
643190,34016442,34,3,5.2,3.5,4.2,,,,6.75,4,6.75,,,14.25,,12.9,,,C,2021
707335,40003115,40,4,4.8,5.75,4,,,,6,3.25,8.75,,,15,,14.55,,,C,2021
827687,48022735,48,5,4.4,6,5.2,,,,5.5,4.5,6.5,,,16,,15.6,,,C,2021
705064,40000844,40,4,5,4,5.2,,,,7.5,3.25,7.75,,,14.75,,14.2,,,C,2021
77207,1077208,1,1,5.6,7.75,4.6,,,,6.75,2,7.75,,,16.5,,17.95,,,D1,2021
615831,33002428,33,3,7.8,8.5,8.6,,,,7.75,5.25,8.75,,,21.5,,24.9,,,D1,2021
958936,57004949,57,6,7,6.5,6.6,,,,9,7.75,9.5,,,23.25,,20.1,,,C,2021
278404,12009021,12,2,2.2,7,1.6,,,,7,5,8.75,,,19,,10.8,,,C,2021
428169,23001537,23,2,3.8,6,4.4,,,,8.25,8.25,9.5,,,22.5,,14.2,,,C,2021
426613,22014250,22,1,6.6,4,3.8,,,,7.25,5.25,9.5,,,16.5,,14.4,,,C,2021
773173,44009616,44,5,5.8,7.25,3.8,,,,7.5,5.25,8.75,,,20,,16.85,,,C,2021
474728,26007901,26,1,7.4,7.25,5.8,,,,7,2.5,8.25,,,16.75,,20.45,,,D1,2021
998308,61008002,61,6,6.4,5,3.8,,,,7.5,3.5,9.5,,,16,,15.2,,,C,2021
811608,48006656,48,5,5,4.5,5.4,,,,5.5,3.5,7.5,,,13.5,,14.9,,,D1,2021
275569,12006186,12,2,6.6,6,3.8,,,,6.5,2.75,8.25,,,15.25,,16.4,,,D1,2021
526838,28025988,28,3,8,8.75,8.2,,,,8.25,6.25,10,,,23.25,,24.95,,,D1,2021
628488,34001740,34,3,4.6,5.75,2.8,,,,6.5,4.25,7,,,16.5,,13.15,,,C,2021
606216,32001343,32,3,6,6,5.8,,,,7.75,4,9.25,,,17.75,,17.8,,,D1,2021
982994,59008679,59,6,6.2,7,4.6,,,,5.75,3,8.75,,,15.75,,17.8,,,D1,2021
80894,1080895,1,1,8.2,5.5,7,,,,7,5,8,,,17.5,,20.7,,,D1,2021
707953,40003733,40,4,6.4,8.25,6,,,,7.5,3.75,7.25,,,19.5,,20.65,,,D1,2021
665524,37004202,37,3,7,5.75,5.2,,,,6.25,3.5,7.5,,,15.5,,17.95,,,D1,2021
836607,49000163,49,6,5.6,6.5,5.6,,,,8,7.75,9.75,,,22.25,,17.7,,,C,2021
520395,28019545,28,3,6.8,8.75,5.2,,,,7.75,7.5,9.25,,,24,,20.75,,,C,2021
728598,41004520,41,3,7.8,5.75,4.2,,,,9.25,8.25,7.75,,,23.25,,17.75,,,C,2021
564031,29022934,29,3,8.2,8.25,6,,,,8.25,5.75,9.25,,,22.25,,22.45,,,D1,2021
209765,3019203,3,1,7.4,7,4.6,,,,8,3.25,7.75,,,18.25,,19,,,D1,2021
599973,31007056,31,3,7,6.75,5.6,,,,7.5,7,9.25,,,21.25,,19.35,,,C,2021
502183,28001333,28,3,7.6,8.5,9.4,,,,7.25,4,7.25,,,19.75,,25.5,,,D1,2021
340418,17004260,17,1,6.8,8.25,7.4,,,,7,7.5,9,,,22.75,,22.45,,,C,2021
791304,46008124,46,5,5.2,7.75,5,,,,7.5,4.75,9.5,,,20,,17.95,,,C,2021
261490,10004609,10,2,5,7,3.4,,,,8,3.75,9.5,,,18.75,,15.4,,,C,2021
231170,5004328,5,2,3.4,4.25,4.6,,,,5.75,3,6.5,,,13,,12.25,,,C,2021
505771,28004921,28,3,7.4,8.75,8,,,,7,3.75,8.75,,,19.5,,24.15,,,D1,2021
115066,2013779,2,5,8.2,6.5,9.2,,,,7.75,6.5,9.5,,,20.75,,23.9,,,D1,2021
887847,52002643,52,5,7.4,7.5,9.4,,,,7,7.5,10,,,22,,24.3,,,D1,2021
315467,15009573,15,2,5.6,5.75,5.4,,,,6.5,4,7.75,,,16.25,,16.75,,,D1,2021
232439,5005597,5,2,3.8,7.75,5,,,,7.5,5.25,7.5,,,20.5,,16.55,,,C,2021
1004445,62003196,62,2,4.4,6.75,4.6,,,,7.75,4,7,,,18.5,,15.75,,,C,2021
256338,9008165,9,2,4.6,6.5,6,,,,9,7,9.75,,,22.5,,17.1,,,C,2021
813548,48008596,48,5,6,6.75,2.8,,,,6.5,3.75,8.75,,,17,,15.55,,,C,2021
386793,19013165,19,1,4,4.25,2.4,,,,6.25,2.25,8.5,,,12.75,,10.65,,,C,2021
544087,29002990,29,3,4,7.5,3,,,,6.25,4.5,8.5,,,18.25,,14.5,,,C,2021
558597,29017500,29,3,8,6.75,2.8,,,,6,3,8.25,,,15.75,,17.55,,,D1,2021
33148,1033149,1,1,8.6,8.75,10,,,,8.75,8.25,10,,,25.75,,27.35,,,D1,2021
376966,19003338,19,1,6.6,6,5.8,,,,7.5,3.5,9,,,17,,18.4,,,D1,2021
522782,28021932,28,3,4,8,3.8,,,,7.75,6.75,9,,,22.5,,15.8,,,C,2021
209049,3018487,3,1,7.2,6.75,5.8,,,,7.25,4.75,7.5,,,18.75,,19.75,,,D1,2021
615460,33002057,33,3,6,6.5,2.4,,,,7,4.75,8,,,18.25,,14.9,,,C,2021
66092,1066093,1,1,7.8,7.75,8.6,,,,7,7.5,9,,,22.25,,24.15,,,D1,2021
967859,58002366,58,6,6,6.25,4.4,,,,7,3.5,8.75,,,16.75,,16.65,,,C,2021
835338,48030386,48,5,6.2,7,7,,,,6.75,6,6.5,,,19.75,,20.2,,,D1,2021
614815,33001412,33,3,6.8,7,8,,,,9,5.75,8.5,,,21.75,,21.8,,,D1,2021
448700,25002833,25,1,6.4,7,7.4,,,,8,7.75,8.25,,,22.75,,20.8,,,C,2021
587992,30012415,30,3,4.4,9,3.6,,,,7,4.75,8.5,,,20.75,,17,,,C,2021
573461,29032364,29,3,7,8.25,9.2,,,,7.5,5.25,9,,,21,,24.45,,,D1,2021
562738,29021641,29,3,5.6,6.25,4,,,,5.25,3,5.75,,,14.5,,15.85,,,D1,2021
315685,15009791,15,2,7.8,7,5,,,,8,7.25,9.75,,,22.25,,19.8,,,C,2021
714151,40009931,40,4,7.6,7.75,5,,,,6.75,4,8.5,,,18.5,,20.35,,,D1,2021
960106,57006119,57,6,5,7,3.6,,,,8.25,5.5,9.5,,,20.75,,15.6,,,C,2021
247585,8006774,8,2,6.2,6.25,5.8,,,,6.5,4.25,8.75,,,17,,18.25,,,D1,2021
359516,18006901,18,2,5.8,5.25,6.2,,,,7,3.5,8.5,,,15.75,,17.25,,,D1,2021
956176,57002189,57,6,4.4,4.5,4,,,,6.25,2.5,8,,,13.25,,12.9,,,C,2021
376093,19002465,19,1,6,5.5,4.6,,,,7.25,4.75,9,,,17.5,,16.1,,,C,2021
377075,19003447,19,1,8.2,7.75,5.6,,,,7,4.5,9,,,19.25,,21.55,,,D1,2021
427720,23001088,23,2,6.4,5.25,3.8,,,,7.25,5,9.25,,,17.5,,15.45,,,C,2021
371793,18019178,18,2,7.4,7.5,7.2,,,,7,2.75,8,,,17.25,,22.1,,,D1,2021
814679,48009727,48,5,8.4,6.75,7.8,,,,8.5,8,8.75,,,23.25,,22.95,,,C,2021
682533,38003185,38,4,4.6,4.75,3.4,,,,4.75,2.25,5.75,,,11.75,,12.75,,,D1,2021
591370,30015793,30,3,4.4,6.75,4.2,,,,7.25,4.25,9.25,,,18.25,,15.35,,,C,2021
422090,22009727,22,1,4.6,6.75,2.8,,,,6.5,4.75,9,,,18,,14.15,,,C,2021
531009,28030159,28,3,5.4,7.5,3.2,,,,6.75,2.75,7,,,17,,16.1,,,C,2021
425904,22013541,22,1,8.6,5.75,3,,,,8,5.5,8.5,,,19.25,,17.35,,,C,2021
614257,33000854,33,3,7.4,5.75,4.2,,,,8.25,7.25,9,,,21.25,,17.35,,,C,2021
1010212,63002650,63,4,4.8,6.25,4.6,,,,7.25,6,8.25,,,19.5,,15.65,,,C,2021
421318,22008955,22,1,8,8,9,,,,7.5,3,7.75,,,18.5,,25,,,D1,2021
414142,22001779,22,1,7.6,8.25,8.4,,,,7.5,5.5,8.75,,,21.25,,24.25,,,D1,2021
712070,40007850,40,4,6.6,6.75,2.2,,,,5.5,3.25,7.25,,,15.5,,15.55,,,D1,2021
194624,3004062,3,1,6.6,7.25,8.6,,,,8.75,8.5,9.75,,,24.5,,22.45,,,C,2021
791277,46008097,46,5,7.2,8.25,6.2,,,,8.75,8.5,9.5,,,25.5,,21.65,,,C,2021
818495,48013543,48,5,7,4,3.4,,,,5.75,1.5,7.75,,,11.25,,14.4,,,D1,2021
399753,21009737,21,1,6.2,7,6,,,,7.75,7,9.5,,,21.75,,19.2,,,C,2021
983020,59008705,59,6,4,6.25,7.2,,,,7.5,3.75,9.25,,,17.5,,17.45,,,C,2021
129261,2027974,2,5,8,7.25,9.2,,,,8,7,7.25,,,22.25,,24.45,,,D1,2021
574614,29033517,29,3,7,9,7.8,,,,7.5,4.75,8.75,,,21.25,,23.8,,,D1,2021
4000,1004001,1,1,8.4,7.75,9.2,,,,9.25,6.5,9.5,,,23.5,,25.35,,,D1,2021
538145,28037295,28,3,8.2,7.5,5.4,,,,6,3.75,8.25,,,17.25,,21.1,,,D1,2021
355244,18002629,18,2,4.8,5.25,5.2,,,,7,6,7.75,,,18.25,,15.25,,,C,2021
495387,27005614,27,1,4,5.5,4.6,,,,7,5,8,,,17.5,,14.1,,,C,2021
448542,25002675,25,1,7.2,6.5,7.8,,,,6.5,6.25,9.75,,,19.25,,21.5,,,D1,2021
683871,38004523,38,4,4.2,4.25,5.8,,,,5.75,4.5,5.25,,,14.5,,14.25,,,C,2021
829141,48024189,48,5,4.6,6.25,3.2,,,,6,2.75,9,,,15,,14.05,,,C,2021
904438,53006039,53,6,8.4,8,8,,,,8.25,8.75,9.5,,,25,,24.4,,,C,2021
478104,26011277,26,1,6.4,5,3.6,,,,6.75,3,9.25,,,14.75,,15,,,D1,2021
925405,54010583,54,6,4.8,6.25,3,,,,7.75,7.5,9.5,,,21.5,,14.05,,,C,2021
69759,1069760,1,1,7.2,8,8,,,,6.75,4,8.5,,,18.75,,23.2,,,D1,2021
218026,4003900,4,3,5,5.25,5.2,,,,6.25,3.5,7.25,,,15,,15.45,,,D1,2021
66929,1066930,1,1,2.8,6.25,4,,,,6.75,3,6.5,,,16,,13.05,,,C,2021
257311,10000430,10,2,7.8,8.25,5.2,,,,8.5,8.75,8.25,,,25.5,,21.25,,,C,2021
678370,37017048,37,3,7.8,8,8.4,,,,7.25,5.5,10,,,20.75,,24.2,,,D1,2021
933424,55004811,55,6,4.2,4.5,1.4,,,,4.5,3,8,,,12,,10.1,,,C,2021
805507,48000555,48,5,6.6,6.25,6.2,,,,8,7.75,5.75,,,22,,19.05,,,C,2021
79649,1079650,1,1,7.8,9,5.6,,,,5.25,4,6,,,18.25,,22.4,,,D1,2021
513989,28013139,28,3,6,7.75,3.2,,,,7.25,4,9,,,19,,16.95,,,C,2021
672238,37010916,37,3,6,4.5,3.6,,,,7,4.25,9.25,,,15.75,,14.1,,,C,2021
264090,10007209,10,2,7.4,7.75,4.8,,,,7.5,4.5,9.5,,,19.75,,19.95,,,D1,2021
861128,50008177,50,6,6.6,8.25,5.6,,,,7.25,6,7.75,,,21.5,,20.45,,,C,2021
245266,8004455,8,2,7.2,7.25,6.4,,,,7.5,5.5,9.75,,,20.25,,20.85,,,D1,2021
284356,12014973,12,2,7.2,7.75,5.8,,,,7.25,4,8.75,,,19,,20.75,,,D1,2021
480945,26014118,26,1,7.8,7.5,6.6,,,,7.75,8.5,10,,,23.75,,21.9,,,C,2021
688299,38008951,38,4,2.2,5.5,4.6,,,,8.25,2.5,7.75,,,16.25,,12.3,,,C,2021
755001,43001937,43,5,5.2,4.75,4.8,,,,6.5,4.25,7.5,,,15.5,,14.75,,,C,2021
70008,1070009,1,1,5,7.5,6,,,,7.25,5.25,8.5,,,20,,18.5,,,C,2021
702636,39009264,39,3,7.4,8.5,8.6,,,,8.25,6.25,8.5,,,23,,24.5,,,D1,2021
56239,1056240,1,1,8,9.25,9.8,,,,8,8,8.75,,,25.25,,27.05,,,D1,2021
22332,1022333,1,1,8.8,9,8.8,,,,7.25,7.5,9,,,23.75,,26.6,,,D1,2021
347515,17011357,17,1,8.8,8.75,9.4,,,,9.25,6.5,9,,,24.5,,26.95,,,D1,2021
151253,2049966,2,5,8.2,6.5,7.2,,,,8.5,6.5,9.75,,,21.5,,21.9,,,D1,2021
849735,49013291,49,6,8.2,8,6.2,,,,8.25,6.25,9.75,,,22.5,,22.4,,,C,2021
553419,29012322,29,3,7.4,8,4.8,,,,9,7,8,,,24,,20.2,,,C,2021
981779,59007464,59,6,4.8,6.25,3.6,,,,5.75,5.25,6.5,,,17.25,,14.65,,,C,2021
151912,2050625,2,5,8,8.25,8.6,,,,8.5,8.25,9.75,,,25,,24.85,,,C,2021
452553,25006686,25,1,7.4,8,6,,,,9.25,5.5,9.75,,,22.75,,21.4,,,C,2021
317572,15011678,15,2,6.8,6.25,3.8,,,,8.5,7.75,9.25,,,22.5,,16.85,,,C,2021
474788,26007961,26,1,4.2,5,1.4,,,,6.75,4.75,8.25,,,16.5,,10.6,,,C,2021
725551,41001473,41,3,7,6.5,3.8,,,,7,3,9.75,,,16.5,,17.3,,,D1,2021
735045,41010967,41,3,6.8,6,2.8,,,,8.5,7.25,9.5,,,21.75,,15.6,,,C,2021
316619,15010725,15,2,7.2,7.25,5.2,,,,8.25,8.25,9.25,,,23.75,,19.65,,,C,2021
1015488,64001225,64,6,5.2,5.5,4.4,,,,7.25,2.5,9,,,15.25,,15.1,,,C,2021
634562,34007814,34,3,5.6,7.75,5.4,,,,7.75,4.5,7.5,,,20,,18.75,,,C,2021
664346,37003024,37,3,7.4,7,6.8,,,,8.25,8,9.75,,,23.25,,21.2,,,C,2021
569970,29028873,29,3,4.2,5,4.8,,,,7.5,4,8,,,16.5,,14,,,C,2021
694011,39000639,39,3,4,5,2.6,,,,7.25,3.75,5.5,,,16,,11.6,,,C,2021
637271,34010523,34,3,6.8,6.75,6.6,,,,6.25,5,7,,,18,,20.15,,,D1,2021
1014403,64000140,64,6,6.8,6.75,4,,,,7.75,6.75,9.5,,,21.25,,17.55,,,C,2021
335228,16013119,16,1,6.2,6.25,4.6,,,,6.5,4.75,7.25,,,17.5,,17.05,,,C,2021
318913,15013019,15,2,5,7,3.4,,,,6.25,2.5,7,,,15.75,,15.4,,,C,2021
12984,1012985,1,1,6.8,8.25,8.6,,,,7,5.5,8.25,,,20.75,,23.65,,,D1,2021
684098,38004750,38,4,2,3.75,3.4,,,,5.75,3.5,7,,,13,,9.15,,,C,2021
66427,1066428,1,1,6.8,5.75,3,,,,6.25,3.25,6.5,,,15.25,,15.55,,,D1,2021
168931,2067644,2,5,5,8,9.6,,,,7.25,6.5,8.75,,,21.75,,22.6,,,D1,2021
665835,37004513,37,3,5,5,2.6,,,,7,4.25,8.5,,,16.25,,12.6,,,C,2021
799443,47006580,47,3,5.6,7.25,5,,,,6.25,6.25,9.75,,,19.75,,17.85,,,C,2021
818437,48013485,48,5,5.8,6.5,4,,,,5.75,4.75,6.75,,,17,,16.3,,,C,2021
200603,3010041,3,1,5.4,6,3.6,,,,7.5,4,9.25,,,17.5,,15,,,C,2021
117050,2015763,2,5,8,7,8.2,,,,7,5.5,8.75,,,19.5,,23.2,,,D1,2021
734967,41010889,41,3,4,3.25,2.8,,,,4.25,2.25,5.5,,,9.75,,10.05,,,D1,2021
825707,48020755,48,5,4.4,5,4.2,,,,6.75,3.5,8,,,15.25,,13.6,,,C,2021
452812,25006945,25,1,7.8,7.25,4.4,,,,8,5,8.75,,,20.25,,19.45,,,C,2021
984780,60000825,60,6,7.4,6.75,4.8,,,,6.75,6,8.75,,,19.5,,18.95,,,C,2021
410333,21020317,21,1,7.6,8,9.8,,,,9.25,9.25,9.75,,,26.5,,25.4,,,C,2021
394514,21004498,21,1,8,8,9.2,,,,8.25,7.75,9.75,,,24,,25.2,,,D1,2021
247192,8006381,8,2,5.2,6.75,3,,,,6.25,5.75,7.75,,,18.75,,14.95,,,C,2021
137730,2036443,2,5,5.6,7.25,5.4,,,,6.75,3.75,7.75,,,17.75,,18.25,,,D1,2021
670635,37009313,37,3,5,4.25,4.8,,,,6.5,3.5,8.75,,,14.25,,14.05,,,C,2021
881001,51012843,51,6,7.2,6.75,5.6,,,,7.75,5.75,9.25,,,20.25,,19.55,,,C,2021
1010472,63002910,63,4,4.6,5.5,2.8,,,,7,4.25,8.75,,,16.75,,12.9,,,C,2021
725575,41001497,41,3,6.4,8,8.6,,,,7.75,5.5,9,,,21.25,,23,,,D1,2021
387350,19013722,19,1,5.8,5.5,4.2,,,,6.25,5.25,8.75,,,17,,15.5,,,C,2021
73717,1073718,1,1,5,5.25,2.8,,,,7.25,4.25,8.5,,,16.75,,13.05,,,C,2021
508173,28007323,28,3,3.4,7.5,2.4,,,,6.5,3.5,7.75,,,17.5,,13.3,,,C,2021
251168,9002995,9,2,6.6,8.25,6.4,,,,7.75,6,9.5,,,22,,21.25,,,C,2021
33127,1033128,1,1,7.8,8.5,9,,,,8.75,6.5,9.25,,,23.75,,25.3,,,D1,2021
1019439,64005176,64,6,4.8,5,2.2,,,,7.25,6.25,8.25,,,18.5,,12,,,C,2021
633979,34007231,34,3,5.6,5.75,3.8,,,,6,4,5.25,,,15.75,,15.15,,,C,2021
107685,2006398,2,5,6,7,3.8,,,,8.25,6.25,9.75,,,21.5,,16.8,,,C,2021
85323,1085324,1,1,3.6,3.5,3.4,,,,5.5,5,5.25,,,14,,10.5,,,C,2021
479736,26012909,26,1,6.6,6.75,6,,,,7.25,3.75,5.75,,,17.75,,19.35,,,D1,2021
622409,33009006,33,3,7.2,6,3.8,,,,8.75,5.25,9,,,20,,17,,,C,2021
767101,44003544,44,5,7,5.5,5.8,,,,7.75,6.25,8,,,19.5,,18.3,,,C,2021
1002347,62001098,62,2,6,8.5,6.8,,,,7.25,4.5,8,,,20.25,,21.3,,,D1,2021
428858,23002226,23,2,6.2,8.5,7.6,,,,8.25,4,8.25,,,20.75,,22.3,,,D1,2021
697057,39003685,39,3,4.6,4.75,4,,,,6.75,2.25,9.25,,,13.75,,13.35,,,C,2021
77944,1077945,1,1,3,6,3,,,,4.75,2.75,7.5,,,13.5,,12,,,C,2021
90632,1090633,1,1,6.2,7.5,3.8,,,,6.25,4,5.5,,,17.75,,17.5,,,C,2021
203716,3013154,3,1,7,7.25,8.2,,,,7,6.25,8.75,,,20.5,,22.45,,,D1,2021
12737,1012738,1,1,7.2,8,9.6,,,,8.5,5,8.5,,,21.5,,24.8,,,D1,2021
2828,1002829,1,1,6,7.75,6,,,,7.25,4.75,8.25,,,19.75,,19.75,,,D1,2021
572000,29030903,29,3,5.2,6.75,3.4,,,,6.5,2.25,8,,,15.5,,15.35,,,C,2021
882873,51014715,51,6,5,7.25,4.4,,,,6.5,6,9.5,,,19.75,,16.65,,,C,2021
256323,9008150,9,2,3,4,2.8,,,,7,3.25,7.25,,,14.25,,9.8,,,C,2021
256308,9008135,9,2,6.2,5.75,2.6,,,,6.25,3.5,6,,,15.5,,14.55,,,C,2021
597115,31004198,31,3,6.2,7.25,5.4,,,,4.5,3.25,7.25,,,15,,18.85,,,D1,2021
558576,29017479,29,3,5.8,4.75,4.4,,,,7,5.5,9.25,,,17.25,,14.95,,,C,2021
278306,12008923,12,2,8.2,5.5,4.8,,,,5.5,1.75,8,,,12.75,,18.5,,,D1,2021
595575,31002658,31,3,7.2,5.5,2.8,,,,7,4.5,8.75,,,17,,15.5,,,C,2021
988411,60004456,60,6,6.8,6.5,3.6,,,,7.25,4.75,8.25,,,18.5,,16.9,,,C,2021
561570,29020473,29,3,6.6,7.5,6.4,,,,7,3.5,7.25,,,18,,20.5,,,D1,2021
890415,52005211,52,5,5.2,6.5,5.8,,,,6.5,3,7.75,,,16,,17.5,,,D1,2021
975232,59000917,59,6,7.4,8,5,,,,6.25,3.25,8.25,,,17.5,,20.4,,,D1,2021
502775,28001925,28,3,7.8,7.5,9.4,,,,7.5,6.5,8.5,,,21.5,,24.7,,,D1,2021
